fullVisitorID,continent,subContinent,country
7194065619159478122,Americas,Northern America,United States
8159312408158297118,Americas,Northern America,United States
9236304747882138291,Asia,Southeast Asia,Philippines
1792676004815023069,Americas,Northern America,Canada
7305625498291809599,Americas,Northern America,United States
5378233269828404918,Americas,Northern America,United States
5270776363703942229,Americas,Northern America,United States
8470886127234408497,Americas,Northern America,Canada
8861555771453791094,Americas,Northern America,United States
8295804655007281109,Asia,Southern Asia,Bangladesh
0018526595751613673,Asia,Southern Asia,India
625481915509878217,Asia,Southeast Asia,Philippines
1374370622285576102,Asia,Western Asia,Armenia
0092183247509236158,Asia,Southern Asia,Sri Lanka
9333094893297665795,Oceania,Australasia,Australia
1621472397271519979,Americas,Northern America,United States
0831372147340640012,Europe,Northern Europe,United Kingdom
9144533028617712380,Americas,Northern America,United States
5345363805648300707,Americas,Northern America,United States
8602954012826759505,Americas,Northern America,United States
2365782199498528299,Americas,Northern America,United States
5636536798768846801,Americas,Northern America,United States
8159312408158297118,Americas,Northern America,United States
4993485206334150199,Americas,Northern America,United States
0333020190932309428,Americas,Northern America,United States
4853490478802253419,Americas,Northern America,United States
5140493641776291415,Americas,Northern America,United States
1133489829802371861,Americas,Northern America,United States
1730677701874729626,Americas,Central America,Mexico
3662205194729528989,Americas,Northern America,United States
6870422387229180122,Americas,Northern America,United States
0794931300984810764,Americas,Northern America,United States
5160807529212499245,Europe,Eastern Europe,Poland
0047614564270023403,Americas,Northern America,United States
6137206948447331806,Asia,Southern Asia,India
5106315619134282281,Americas,Northern America,United States
1099720071861739539,Americas,Northern America,United States
3787134985295919795,Americas,Northern America,United States
1343892784443318387,Americas,Northern America,United States
825509565309716229,Americas,Northern America,United States
0486562139346467089,Europe,Northern Europe,United Kingdom
8743175383102521583,Europe,Eastern Europe,Czechia
999700442444678323,Americas,Northern America,United States
9035306047185052141,Americas,Northern America,United States
8698531054438587635,Americas,Northern America,United States
0640111497078551143,Americas,Northern America,United States
4530126874298409636,Americas,Northern America,United States
0344452283390306758,Europe,Western Europe,Austria
0382398254804709368,Americas,Northern America,United States
8568474718223370752,Americas,Northern America,United States
558025075151655343,Americas,Northern America,United States
5392755432370247158,Europe,Southern Europe,Italy
3751823672052015547,Americas,Northern America,United States
9017498520228491211,Americas,Northern America,United States
8846289716943240767,Europe,Western Europe,Germany
6787410765100329612,Americas,Northern America,United States
3744175328919003297,Americas,Northern America,United States
6219287332213749748,Oceania,Australasia,Australia
0721240306323694297,Americas,Northern America,United States
3731478369788901995,Europe,Western Europe,Austria
0823708422231226277,Americas,Northern America,United States
8436426603099391262,Americas,Northern America,United States
5221215576603815484,Americas,Central America,Mexico
6981691734539296402,Asia,Eastern Asia,Japan
121295653097861536,Americas,Northern America,United States
3787134985295919795,Americas,Northern America,United States
6062692528026913835,Americas,Northern America,United States
5820481070166950233,Americas,Northern America,United States
6202551162320501793,Asia,Southeast Asia,Indonesia
6359841587657357338,Americas,Northern America,United States
7545615511078513943,Americas,Northern America,United States
5882258963347216049,Oceania,Australasia,Australia
1188397610560498241,Americas,Northern America,United States
7009176709240157276,Americas,Northern America,United States
2869886758561013518,Americas,Northern America,United States
584186909754430703,Americas,Northern America,United States
5622119904627470425,Americas,Northern America,United States
0824839726118485274,Americas,Northern America,United States
8675769146751606586,Europe,Northern Europe,United Kingdom
4904969714374913266,Asia,Southern Asia,India
3970991392089882251,Americas,Northern America,United States
9872679951861022740,Americas,Northern America,United States
3463054183716306407,Americas,Northern America,United States
7275493482741180809,Americas,Northern America,United States
6637957997898535918,Americas,Northern America,United States
6362237262934311328,Americas,Northern America,United States
9065074234812691512,Americas,Northern America,United States
9878962654812700271,Americas,Northern America,United States
5231073281895209426,Americas,Northern America,United States
6842770750697615080,Asia,Western Asia,Turkey
9190094819702613002,Americas,Northern America,United States
8952006223234542590,Asia,Southern Asia,India
7428592908976647992,Americas,Northern America,United States
7157626079567895669,Americas,Northern America,United States
358293611905184240,Asia,Southeast Asia,Philippines
8825722961059493275,Europe,Northern Europe,United Kingdom
5193965013430455128,Americas,Northern America,United States
0793874482369095202,Americas,Northern America,United States
1817256435818850257,Americas,Northern America,United States
4005605575873365444,Americas,Northern America,United States
2509714289037323244,Americas,Northern America,United States
4642712737855870554,Americas,Northern America,United States
3843819088097691729,Americas,Northern America,United States
9993178476401172532,Americas,Northern America,Canada
1060857658642961259,Americas,Central America,Mexico
1439150231069374974,Americas,Northern America,United States
674626656635666685,Asia,Southern Asia,India
1368220609907191551,Americas,Northern America,United States
9682363348505503136,Americas,Northern America,United States
4890176689513443468,Americas,Northern America,United States
8821893673728116223,Americas,Northern America,United States
2519501167659119738,Asia,Eastern Asia,Japan
9849723138964482903,Americas,Northern America,United States
3393266984599791046,Americas,Northern America,United States
6370895626479501172,Americas,Northern America,United States
4259087156506051404,Europe,Western Europe,Switzerland
7688525234045688740,Americas,Northern America,United States
494121189234839790,Americas,Northern America,United States
4652287826732444235,Americas,South America,Brazil
0127234764050343351,Europe,Northern Europe,United Kingdom
5166572114676000975,Americas,Northern America,United States
80533986466271934,Americas,Northern America,United States
2158742461682231369,Americas,Northern America,United States
8553346870455443503,Americas,Northern America,United States
834799491548640007,Americas,Northern America,United States
4834118369822066721,Americas,Northern America,United States
2842895618476559410,Americas,Northern America,United States
8500478825159566764,Americas,Northern America,United States
4741032916677179123,Americas,Northern America,United States
9779770777585916245,Americas,Northern America,United States
6960772894161809181,Americas,Northern America,United States
1613869085928837147,Americas,Northern America,United States
2519663407845424469,Americas,Northern America,United States
0728735440890222177,Americas,Northern America,United States
7915917649445719453,Americas,Northern America,United States
5545865256703329577,Asia,Eastern Asia,Japan
2213191339240555860,Americas,Northern America,United States
8779215719666644170,Americas,Northern America,United States
5173035161858804497,Europe,Northern Europe,United Kingdom
0242260641211986209,Americas,Northern America,United States
8132563834178974953,Americas,Northern America,United States
3907770685196037697,Americas,Northern America,United States
8597027410485057111,Americas,Northern America,United States
1900406563824931678,Americas,Northern America,United States
708182136272724140,Americas,Northern America,United States
6604767229049497201,Americas,Northern America,United States
9976748477294164726,Americas,Northern America,United States
0703071257327430346,Americas,Northern America,United States
0803766777397114425,Europe,Northern Europe,United Kingdom
2779366116674268856,Oceania,Australasia,Australia
9493249883710631149,Americas,Northern America,United States
9085218887779640980,Americas,Northern America,United States
3547717276163025378,Americas,Northern America,United States
8422029627538180622,Americas,Northern America,United States
3517720271768758077,Americas,Northern America,United States
1882401858291805493,Europe,Western Europe,France
5271693154474208456,Americas,Northern America,United States
6579047524938382825,Americas,Northern America,United States
789678791378176941,Americas,Northern America,United States
6966646264698722317,Americas,Northern America,United States
9533571845569362552,Americas,Northern America,United States
8430240768850820716,Americas,Northern America,United States
5310912563447452038,Americas,Northern America,United States
579368549092174659,Europe,Western Europe,Germany
1076513025655678778,Americas,Northern America,United States
7505340672525128933,Americas,Northern America,United States
406461230962938817,Americas,Northern America,United States
7270929847039069200,Americas,Northern America,United States
1978627755211436010,Asia,Eastern Asia,Taiwan
116992034719575555,Americas,Northern America,United States
4961413465713332680,Americas,Northern America,United States
7666394839176567102,Asia,Southern Asia,India
9801276214964695322,Americas,Northern America,United States
5014443002776077299,Europe,Northern Europe,United Kingdom
365594903822101283,Europe,Southern Europe,Spain
7629784540272591367,Asia,Southern Asia,India
1641476689503533321,Americas,Northern America,United States
5430848282423196998,Europe,Northern Europe,United Kingdom
5079847790435547812,Americas,Northern America,United States
09643929456640790,Americas,Northern America,United States
8069796630919527574,Americas,Northern America,United States
3635754152765180885,Americas,Northern America,United States
0521800236999423025,Americas,Northern America,United States
1769164681262367221,Americas,Central America,Mexico
4356368670265924289,Asia,Southeast Asia,Indonesia
3142889679741524960,Americas,Northern America,United States
4033613882118163102,Asia,Southern Asia,Sri Lanka
0657885132759378144,Americas,Northern America,United States
4220154440291082400,Europe,Northern Europe,United Kingdom
6787160235338713122,Americas,Northern America,United States
9290558425075999936,Asia,Southern Asia,Pakistan
2598179390836943384,Americas,Northern America,United States
4174312721111666274,Americas,Northern America,United States
2979602448351162096,Americas,Northern America,United States
6422467164885658062,Americas,Northern America,United States
1276631666870427430,Americas,Central America,Mexico
0462674042152519432,Americas,Northern America,United States
4237630977862841427,Europe,Southern Europe,Italy
8998597645420885788,Americas,Northern America,United States
4500488192672905042,Americas,Northern America,United States
4572584574023002147,Americas,Northern America,United States
5260117902407993152,Americas,Northern America,United States
3514489728933698435,Americas,Northern America,United States
3318240400202817641,Americas,Northern America,United States
835261853962402017,Americas,Northern America,United States
1183405708492269586,Americas,Northern America,United States
9054991367522580751,Americas,Northern America,United States
0957124016598662665,Americas,Northern America,United States
8585175393719798471,Americas,Northern America,Canada
1723909349418867455,Americas,Northern America,United States
1352184627763482886,Asia,Southern Asia,India
8879965876172125518,Americas,Northern America,United States
4421723853101106079,Americas,Northern America,United States
1492217702561732960,Americas,Northern America,United States
4831806810656894971,Americas,Northern America,United States
7110111563027445389,Americas,Northern America,United States
6288323169575819768,Americas,Northern America,United States
7298538238612725446,Americas,Northern America,United States
5747223272231686932,Americas,Northern America,United States
3634155159894530540,Americas,Northern America,United States
9425872524748709682,Americas,Northern America,United States
0913627188881033241,Americas,Northern America,United States
7533805118137456529,Americas,Northern America,United States
2706234469572620246,Oceania,Australasia,Australia
5170796697724154592,Americas,Northern America,United States
7077911844453000726,Americas,Northern America,United States
6787843339759445862,Americas,Northern America,United States
2821399818599619907,Americas,Northern America,United States
4415481794449507521,Americas,Northern America,United States
759030695331234675,Americas,Northern America,United States
1330052349357162314,Americas,Northern America,United States
5800900099410986003,Americas,Northern America,United States
3330738802699065081,Americas,Northern America,United States
2111179064713208280,Americas,Northern America,United States
0959147575305606864,Asia,Southeast Asia,Malaysia
2452888129343523931,Americas,Northern America,United States
8802933683938257671,Americas,Northern America,United States
505690627766188392,Americas,South America,Brazil
8644414483864627655,Europe,Northern Europe,Sweden
2047874584272208283,Americas,Northern America,United States
138537716219788506,Americas,Northern America,United States
9847625927626901147,Americas,Northern America,United States
3907770685196037697,Americas,Northern America,United States
5961761097538346074,Americas,South America,Venezuela
5404227027418054953,Americas,Northern America,United States
4258053097075989576,Oceania,Australasia,Australia
3935754171050797809,Americas,Northern America,United States
0533043126087723849,Americas,Northern America,United States
5491202478171376258,Americas,Northern America,United States
9377639114402198049,Americas,Northern America,United States
2976178532750719771,Americas,Northern America,United States
1887525536715312831,Americas,Northern America,United States
4151172324885744289,Americas,Northern America,United States
0401568549668876404,Europe,Eastern Europe,Russia
1889240718310950469,Americas,Northern America,United States
2703368790658666184,Asia,Eastern Asia,Japan
9268008200873581059,Americas,Northern America,United States
3026163435419099099,Americas,Northern America,United States
0946568304929736127,Americas,Northern America,United States
2331572485952025433,Americas,Northern America,United States
8158003312239603025,Europe,Northern Europe,Estonia
1074012291655531532,Europe,Northern Europe,United Kingdom
925629734318379812,Americas,Northern America,Canada
0341319689353253851,Americas,Northern America,United States
1605625902271121000,Europe,Western Europe,Netherlands
0116436763018562710,Americas,Northern America,United States
000722514342430295,Americas,Northern America,United States
8319899131077539989,Americas,Northern America,United States
2317143886543006089,Americas,Northern America,United States
9782559705146002237,Americas,Northern America,United States
756857572086966774,Americas,Northern America,United States
7687406337661702709,Americas,Northern America,United States
925450609847802842,Americas,Northern America,United States
0161103620003490662,Americas,Northern America,United States
7718623669497357235,Americas,Northern America,United States
0459084326224596664,Americas,Northern America,United States
7334027332650026089,Americas,Northern America,United States
4572584574023002147,Americas,Northern America,United States
3444514318939246165,Europe,Northern Europe,United Kingdom
7039712579733841787,Americas,Northern America,United States
7503372490716009432,Europe,Western Europe,Germany
9677816246706455875,Americas,Northern America,United States
6444666378259866837,Americas,Northern America,United States
6135774816150725612,Asia,Southern Asia,Pakistan
8198513440170816734,Americas,Northern America,United States
4174673980383629957,Asia,Eastern Asia,Taiwan
2499073159297778675,Americas,Northern America,United States
6375532442615564447,Asia,Southern Asia,India
4691971393212178659,Asia,Southeast Asia,Philippines
1817256435818850257,Americas,Northern America,United States
7815166845235232089,Americas,Northern America,United States
2620481260679179875,Americas,Northern America,United States
8280805974080139588,Asia,Southern Asia,India
494915149919585281,Americas,Northern America,United States
3997937353086624166,Americas,Northern America,United States
6595734076084637031,Americas,Northern America,United States
0872675904537373864,Americas,Northern America,United States
3105496268124422764,Americas,Central America,Mexico
6401018550057682991,Asia,Southern Asia,India
5655816441964563984,Americas,Northern America,United States
4703900907627844850,Americas,Northern America,Canada
0396486246551917147,Americas,Northern America,United States
3269929874874638846,Americas,Northern America,United States
3057842967445471784,Americas,Northern America,United States
7205449092152064425,Americas,Northern America,United States
9760803449256875420,Asia,Southern Asia,Sri Lanka
9282337552638739171,Americas,Northern America,United States
7335387188572255149,Americas,Northern America,United States
9576613996350682765,Americas,Northern America,United States
4590171872917314050,Europe,Northern Europe,United Kingdom
9966493560312992908,Americas,Northern America,Canada
3126493267998651969,Americas,Northern America,United States
76744637389790896,Americas,Northern America,United States
8377004764015899559,Asia,Southern Asia,India
7007431728473096243,Americas,Northern America,United States
9152536486803427969,Americas,Northern America,United States
5006195237960872707,Europe,Southern Europe,Spain
8562504397643086482,Americas,South America,Argentina
3267289685695286777,Americas,Northern America,United States
6891579531332176887,Americas,Northern America,United States
3580452052961178709,Americas,Northern America,United States
0354092695831923417,Americas,South America,Peru
5761840295662617853,Asia,Eastern Asia,Hong Kong
5608218146631757534,Americas,Northern America,United States
8354961261344283153,Americas,Northern America,United States
098821159809198055,Americas,Northern America,United States
4621003505955733083,Americas,Northern America,United States
5457966268582392647,Americas,Northern America,United States
4081324366412530455,Americas,Northern America,United States
8443152750706781913,Americas,Central America,Panama
7335387188572255149,Americas,Northern America,United States
9509805417263426377,Americas,Northern America,United States
3747893768799586469,Americas,Northern America,United States
0476336740806624508,Americas,Northern America,United States
6864637730296714893,Americas,Northern America,United States
1625612495467726234,Americas,Northern America,United States
7854260418222913384,Americas,Northern America,United States
1905929349583388322,Americas,Northern America,United States
3063898855332866361,Americas,Northern America,Canada
5469592340519286418,Americas,Northern America,United States
3662786672553497596,Europe,Western Europe,Netherlands
2363816821838994323,Americas,Northern America,United States
5716663734226378541,Americas,Northern America,United States
390423349709954340,Americas,Northern America,United States
4851076560952390809,Europe,Northern Europe,United Kingdom
2131831853796087522,Americas,Northern America,United States
0174999012345482367,Americas,Northern America,United States
6440320050638782751,Europe,Northern Europe,Denmark
1856749147915772585,Americas,Northern America,Canada
0709272184743066560,Americas,Northern America,United States
8237595922099299023,Americas,Northern America,United States
7451681150246556439,Americas,Northern America,Canada
0593150394512575588,Americas,Northern America,United States
3130645655077179934,Americas,South America,Peru
2343977100441805952,Oceania,Australasia,Australia
2276230046118857151,Americas,Northern America,United States
8344032354768501869,Americas,Northern America,United States
3522280126516023952,Asia,Eastern Asia,Taiwan
3910500230136916660,Americas,Northern America,United States
6744697227424119304,Americas,Northern America,United States
6211934679344931624,Americas,Northern America,United States
1749128084828375108,Americas,Northern America,United States
0212479256983706107,Europe,Southern Europe,Spain
8590555186939402677,Americas,Northern America,Canada
0553598010587869756,Americas,Northern America,United States
603373162136570069,Americas,Northern America,United States
2586654881267402138,Americas,Northern America,United States
1750514406451146951,Americas,Northern America,United States
6828760778804376817,Americas,Northern America,United States
593607024576642131,Europe,Western Europe,France
2215681073032687184,Americas,Northern America,United States
8719072487533399733,Americas,Northern America,Canada
2549728492461833238,Asia,Southern Asia,India
9878962654812700271,Americas,Northern America,United States
636466535079841240,Americas,Northern America,United States
2820652514257258467,Americas,Northern America,United States
2511766854857818700,Americas,Northern America,United States
5700972772870493639,Americas,Northern America,United States
7027129382380641443,Americas,Northern America,United States
1292918695745531394,Americas,Northern America,United States
6847217672772231661,Americas,Northern America,United States
6926161835587768681,Asia,Southern Asia,India
762295638846925704,Americas,South America,Venezuela
1757409464136963580,Americas,Northern America,United States
0167277143072555656,Americas,Northern America,United States
8583756899584588368,Americas,Northern America,United States
9518384605133293021,Americas,Northern America,United States
0413919359640783978,Europe,Western Europe,Belgium
2889377910436375292,Americas,Northern America,United States
4724930710879594248,Americas,Northern America,United States
4199367541035485910,Americas,Northern America,United States
987914185693056506,Europe,Southern Europe,Portugal
0901040675559923659,Asia,Southeast Asia,Malaysia
3884791411084599214,Americas,Northern America,United States
5773173424977778287,Americas,Northern America,United States
798691020264746304,Americas,Northern America,United States
6366316989927168370,Americas,Northern America,United States
5541567883792921967,Americas,Northern America,United States
5760753352577829144,Americas,Northern America,United States
3907770685196037697,Americas,Northern America,United States
8505854664680870109,Asia,Eastern Asia,Japan
258194871216000308,Asia,Southern Asia,India
5761840295662617853,Asia,Eastern Asia,Hong Kong
9159285916228638348,Americas,Northern America,United States
9116763220411859349,Americas,Northern America,United States
0813074379715507848,Americas,Northern America,United States
3881791618115740942,Americas,Northern America,United States
5705587814808849172,Americas,Northern America,United States
6295937732413829157,Asia,Southeast Asia,Vietnam
8741658912440878935,Americas,South America,Brazil
2775333805699294537,Americas,Northern America,United States
2213319842456651432,Americas,Northern America,United States
1856237131266550302,Americas,Northern America,United States
5604003575246779979,Americas,Northern America,United States
8542570651342039948,Asia,Southeast Asia,Malaysia
174711949982221362,Americas,Northern America,United States
2310283151871955061,Americas,Northern America,United States
0513367219376405875,Americas,Northern America,United States
4241418287933709447,Americas,Northern America,United States
2506112552623796443,Americas,Northern America,United States
1094601935519168096,Americas,Northern America,United States
7192936906150446002,Americas,Northern America,United States
1982922306734736460,Americas,Northern America,United States
3625388336199393256,Americas,Northern America,United States
7455063974124636385,Americas,Northern America,Canada
5187671474409178153,Americas,Northern America,United States
4697674744990809143,Americas,Northern America,United States
3638103956107835422,Americas,Northern America,United States
689975324856739942,Americas,Northern America,United States
1219325807742188295,Americas,Northern America,United States
0015694432801235877,Americas,Northern America,United States
5324270365925211209,Americas,Northern America,United States
7314017156048253837,Oceania,Australasia,New Zealand
7533805118137456529,Americas,Northern America,United States
758577373703531857,Americas,Northern America,United States
4295023008719306245,Africa,Northern Africa,Tunisia
0824646283836949461,Americas,Northern America,United States
0832322939999728199,Americas,Northern America,United States
7348043856224640094,Asia,Western Asia,Turkey
3907770685196037697,Americas,Northern America,United States
1677406339586950802,Americas,Northern America,Canada
0403454456389348844,Americas,Northern America,Canada
9868339371386523708,Americas,Northern America,United States
7108681342006406745,Americas,Northern America,United States
6426372536562896996,Americas,Northern America,United States
3058241021846504096,Americas,Northern America,United States
373784500636702964,Europe,Southern Europe,Italy
9795143290551478465,Americas,Northern America,United States
5923605856827327918,Americas,Northern America,United States
0981575239309066644,Asia,Southeast Asia,Thailand
1626716998556233354,Americas,Northern America,United States
3661163348027738918,Americas,Northern America,United States
8131745029417163398,Americas,Northern America,United States
5457341708050484439,Americas,Northern America,United States
0690330955242089309,Americas,Northern America,United States
4488234939678302618,Americas,Northern America,United States
8041179583157231807,Asia,Southeast Asia,Singapore
2694708692574296124,Americas,Northern America,United States
3444514318939246165,Europe,Northern Europe,United Kingdom
5228340108314802662,Americas,Northern America,United States
2882577556953103385,Americas,Northern America,Canada
7205403425666018308,Americas,Northern America,United States
0161103620003490662,Americas,Northern America,United States
23423439498373464,Americas,Northern America,United States
3936844640958989282,Asia,Southeast Asia,Malaysia
0341319689353253851,Americas,Northern America,United States
2327929995090924019,Americas,Northern America,United States
6800613735805802605,Americas,Northern America,United States
105918627300418509,Americas,Northern America,United States
4798058133221713505,Americas,Northern America,Canada
5836331037143212564,Asia,Eastern Asia,Taiwan
96828372717775055,Americas,Northern America,United States
7577555488698756006,Americas,Northern America,United States
1599273251148489928,Europe,Western Europe,Germany
5188974751841750198,Europe,Eastern Europe,Russia
7275493482741180809,Americas,Northern America,United States
326713960184415917,Americas,Northern America,United States
5719519864455942687,Americas,Northern America,Canada
1003838192988579723,Americas,Northern America,United States
606435179693837147,Americas,Northern America,United States
0482843755681270604,Americas,Northern America,United States
4336586112200183177,Europe,Eastern Europe,Russia
1630080920415753288,Americas,Northern America,United States
9267974830205623895,Americas,Northern America,United States
4657065526573368452,Americas,Northern America,United States
9060849750997331558,Americas,Northern America,United States
5344667959214571153,Americas,Northern America,United States
2716049628699698602,Americas,Northern America,United States
0261203701989483879,Americas,Northern America,United States
2611645231825416631,Europe,Northern Europe,Sweden
5697982501959734404,Americas,Northern America,United States
9133150929083418260,Europe,Northern Europe,Norway
7010462500294643960,Americas,Northern America,United States
1242181467370730486,Americas,Northern America,United States
8708067857860380883,Americas,Northern America,United States
0121227660543631149,Asia,Eastern Asia,Taiwan
6526752225691972183,Americas,Northern America,United States
0999951502366886191,Americas,Northern America,United States
759364034746328963,Asia,Southern Asia,India
3608196374724519087,Americas,Northern America,United States
3320119973962642543,Americas,Northern America,United States
8109664436025857507,Americas,Northern America,United States
1644562297167206343,Asia,Southern Asia,India
6715732375285289961,Asia,Eastern Asia,Japan
0174999012345482367,Americas,Northern America,United States
1078366177591833433,Americas,Northern America,United States
9082112881592138849,Europe,Eastern Europe,Poland
871675557963907195,Americas,South America,Brazil
384088448748841648,Americas,Northern America,United States
9715374816220032822,Americas,Northern America,United States
6446851903014760312,Americas,Northern America,United States
4936144893588506157,Americas,Northern America,United States
7917704081634641311,Americas,Northern America,United States
807191525675674136,Americas,Northern America,United States
464908394088842997,Americas,Northern America,United States
3016857027452005187,Americas,Northern America,United States
4384582438292594523,Americas,Northern America,United States
4849884385056788691,Americas,Northern America,United States
9446075047835972433,Americas,Northern America,United States
4698004949564442325,Americas,Northern America,United States
1631967168820223837,Americas,Northern America,United States
665785595149092081,Europe,Northern Europe,United Kingdom
9035306047185052141,Americas,Northern America,United States
8271170844108113200,Americas,Northern America,United States
3823831209442004233,Americas,Northern America,United States
1967121593241172100,Europe,Northern Europe,United Kingdom
7866774640817178857,Americas,Northern America,United States
7765335078471845903,Americas,Northern America,United States
2371112886977263623,Americas,Northern America,United States
4851694972796487097,Americas,Northern America,United States
9993204973689965101,Europe,Eastern Europe,Bulgaria
079785550312480399,Americas,Northern America,United States
843306899918749327,Americas,Northern America,United States
3754515888221881941,Americas,Northern America,United States
9650541762607480820,Americas,Northern America,United States
6748817685338407600,Asia,Southeast Asia,Vietnam
2296933856601873056,Americas,Northern America,United States
1033366144628740081,Americas,Northern America,United States
7438743588318957122,Americas,Northern America,United States
6394831228618183658,Americas,Northern America,United States
0437273981466271229,Americas,Northern America,United States
4116055325627256034,Americas,Northern America,United States
9743544249024499762,Americas,Northern America,United States
0628708827036512143,Americas,Northern America,United States
4701185974045728607,Americas,Northern America,United States
8567974717569039751,Americas,Northern America,United States
0382398254804709368,Americas,Northern America,United States
3369132208689322709,Asia,Eastern Asia,Taiwan
057665938225418659,Americas,Caribbean,Haiti
6294498685685853129,Oceania,Australasia,New Zealand
4534107900812583124,Asia,Eastern Asia,Taiwan
1723981563106392466,Americas,Northern America,United States
9220733487783253932,Americas,Northern America,Canada
504527166889560577,Americas,Northern America,United States
4384990792205822883,Europe,Southern Europe,Portugal
1106555359375998536,Americas,Northern America,United States
0541415792766009896,Americas,Northern America,United States
1739823917347946740,Americas,Northern America,United States
350616841177147864,Americas,Northern America,United States
2217418288172715379,Americas,Northern America,United States
2478708775280238505,Americas,Northern America,United States
7103321195030738247,Americas,Northern America,United States
5106315619134282281,Americas,Northern America,United States
3608467442254520408,Americas,Northern America,United States
7138879142579197491,Americas,Northern America,United States
5117883250816491401,Asia,Southern Asia,India
9377768468469703794,Asia,Southeast Asia,Philippines
2972472695838198418,Americas,Northern America,United States
9065508646546984599,Americas,Northern America,United States
5240826968570680211,Americas,Northern America,United States
7056870819058799369,Americas,Northern America,United States
481136536823294889,Asia,Eastern Asia,South Korea
3936844640958989282,Asia,Southeast Asia,Malaysia
3890853151729449223,Americas,Northern America,United States
7051718074744690705,Americas,Northern America,United States
7661113009266719556,Americas,Northern America,United States
8844262168616364981,Americas,Northern America,United States
368977670377176571,Americas,Northern America,United States
7426174364050388533,Americas,Northern America,United States
5946672336805397304,Americas,Northern America,United States
2775333805699294537,Americas,Northern America,United States
1669777926634508233,Europe,Northern Europe,United Kingdom
8346614539128137085,Americas,Northern America,United States
2115386512530006397,Americas,Northern America,United States
7708575291679364151,Americas,Northern America,United States
3067333294832179853,Americas,Northern America,United States
6030957980134486247,Americas,Central America,Mexico
6170265019437280323,Americas,Northern America,United States
2652098492843037268,Americas,Northern America,United States
7970801744441139347,Asia,Eastern Asia,Japan
1403632269796083949,Asia,Southern Asia,India
5530732783475247643,Americas,Northern America,United States
6932408648900988870,Americas,Northern America,United States
9358167394549270312,Americas,Northern America,United States
4424921723551438567,Asia,Southern Asia,Pakistan
1343892784443318387,Americas,Northern America,United States
172600853716850454,Americas,Northern America,United States
7512789166007226631,Asia,Western Asia,Turkey
8207362494606500607,Americas,Northern America,United States
711432706839362141,Americas,Northern America,United States
0750611892691038410,Americas,Northern America,United States
5540991611284577933,Americas,Northern America,United States
7002235067002565049,Americas,Northern America,Canada
8438615943594533815,Americas,Northern America,United States
8303744919817460764,Americas,Northern America,United States
8640435391065630517,Americas,South America,Peru
4890594302415608916,Europe,Southern Europe,Spain
5759903822809248402,Americas,Northern America,United States
8782513642833614098,Americas,Northern America,United States
1924553142818813976,Americas,Northern America,United States
0161103620003490662,Americas,Northern America,United States
3709999704956265072,Americas,Northern America,United States
7816450317892721085,Americas,Northern America,Canada
9883000500364208923,Americas,Northern America,United States
211067802416163706,Europe,Eastern Europe,Russia
3047968373711472876,Americas,Northern America,United States
3452302189809534579,Americas,Northern America,United States
3738755573768380864,Americas,Northern America,Canada
5267883768915568721,Americas,Northern America,United States
1302490964849403553,Asia,Eastern Asia,Japan
2795402033797871386,Americas,Northern America,United States
0609326100006985856,Americas,Northern America,United States
109478348209300995,Americas,Northern America,United States
0887754557131989783,Americas,Northern America,United States
3347789288868084300,Americas,Northern America,United States
4941770276769705740,Americas,Northern America,United States
9678469301590366177,Americas,Northern America,United States
185886403613744695,Americas,Northern America,Canada
0667801358610608122,Americas,Northern America,United States
4184527786990826304,Americas,Northern America,United States
6091498163535424271,Americas,Northern America,United States
6257871557133780030,Americas,Northern America,Canada
1076513025655678778,Americas,Northern America,United States
31490038171426725,Americas,Northern America,United States
1662833536389293085,Americas,Northern America,United States
001747219368939605,Europe,Southern Europe,Spain
4758564487125779949,Americas,Northern America,United States
6519373117236859321,Americas,Northern America,United States
5129303495459541871,Americas,Northern America,United States
6203401114057579951,Americas,Northern America,United States
0451515753972272081,Americas,Northern America,United States
3606096616141145329,Americas,Northern America,United States
1504442874052757742,Americas,Northern America,United States
7781987324145448581,Americas,Northern America,United States
8144887345147571750,Americas,Northern America,United States
5719213140589922004,Americas,Northern America,United States
4539850635972033953,Europe,Northern Europe,United Kingdom
7803172593096160119,Americas,Central America,Costa Rica
4254077777097557601,Americas,Northern America,United States
024133145794646739,Americas,Northern America,United States
4061386306679952654,Americas,Northern America,United States
9485654033951448587,Americas,Northern America,United States
4943724707143454002,Americas,Northern America,United States
5490488281230795745,Europe,Northern Europe,Finland
2620481260679179875,Americas,Northern America,United States
5028358764893417263,Americas,Northern America,United States
8207362494606500607,Americas,Northern America,United States
432198110923477013,Europe,Northern Europe,United Kingdom
8436426603099391262,Americas,Northern America,United States
0928429216085865673,Americas,Northern America,United States
4119670571587062780,Americas,Northern America,United States
4631129802514106099,Americas,Northern America,United States
5963471621704219473,Americas,Northern America,United States
0384873228921337077,Americas,Northern America,United States
0538499578496971765,Americas,Northern America,United States
5946672336805397304,Americas,Northern America,United States
6705441060490938466,Americas,Northern America,United States
5563168194966233133,Americas,Northern America,United States
7614028868724779177,Americas,Northern America,United States
6027268712782791947,Americas,Northern America,United States
1757074615507989305,Asia,Eastern Asia,Hong Kong
1426533350286376573,Americas,Northern America,United States
1434758333813758523,Americas,Northern America,United States
0142252774383219183,Americas,Northern America,United States
3541862731321042694,Asia,Western Asia,Saudi Arabia
9156455213751523745,Americas,Northern America,United States
9050768044570669553,Americas,Northern America,United States
7989405066712798604,Americas,Northern America,United States
757866699721746847,Americas,Northern America,United States
6002047819048640977,Americas,Northern America,United States
0179506031131180789,Americas,Northern America,United States
0701601838005591363,Americas,Northern America,United States
4419590405185162444,Americas,Northern America,United States
0933710902214034131,Americas,Northern America,United States
1468560120795000800,Americas,Northern America,United States
4061386306679952654,Americas,Northern America,United States
5563168194966233133,Americas,Northern America,United States
4685798131908550257,Americas,Northern America,United States
6674217049538832068,Asia,Southern Asia,India
4913278259301843820,Americas,Northern America,United States
0562740026866245032,Americas,Northern America,United States
14525157151262675,Americas,Northern America,United States
9485064159036036847,Americas,Central America,Mexico
77798030145473969,Americas,Northern America,United States
5588534024978390342,Americas,Northern America,United States
7318547266531531994,Americas,Northern America,United States
895954260133011192,Europe,Western Europe,Germany
0288478011259077136,Americas,Northern America,United States
4887857760389227960,Americas,Northern America,United States
1817256435818850257,Americas,Northern America,United States
4057405536547962178,Oceania,Australasia,Australia
0350370813631305535,Europe,Southern Europe,Italy
6027268712782791947,Americas,Northern America,United States
9048067102444753039,Americas,Northern America,United States
7023410125494623482,Americas,Northern America,United States
2125540555068339394,Americas,Northern America,United States
4568535698206581294,Americas,South America,Colombia
9707737733420214515,Americas,Central America,Mexico
0696773336104767519,Americas,Northern America,United States
7555406992780661514,Americas,Northern America,United States
9775616154918189488,Americas,Northern America,United States
1723909349418867455,Americas,Northern America,United States
148720899219079299,Americas,Northern America,United States
055245354538836465,Americas,Northern America,United States
420022292280834469,Americas,Northern America,United States
4517759381023869053,Americas,Northern America,United States
6440789996634275026,Americas,Northern America,United States
8520115029387302083,Americas,Northern America,United States
6792260745822342947,Americas,Northern America,United States
0824839726118485274,Americas,Northern America,United States
8341980690045636440,Asia,Southern Asia,India
4408669591114365400,Americas,Northern America,United States
677752616453244098,Americas,Northern America,United States
9194763958135346715,Americas,Northern America,United States
4780514666369871802,Americas,Northern America,United States
2867503238310507333,Americas,Northern America,United States
4864654649238141085,Americas,Northern America,United States
0307593432572738176,Americas,Northern America,United States
0346662730910803388,Americas,Northern America,United States
2832082460100825016,Americas,Northern America,United States
2371112886977263623,Americas,Northern America,United States
413376117696916627,Europe,Western Europe,Switzerland
2506112552623796443,Americas,Northern America,United States
1407445369428897300,Americas,Northern America,United States
1013896044521927115,Americas,Northern America,United States
1231590494443171080,Americas,Northern America,United States
6751290259214798595,Americas,Northern America,United States
3213840074316400693,Americas,Northern America,United States
2987126973357946088,Americas,Northern America,United States
9121381417149594223,Europe,Northern Europe,United Kingdom
9100993668586456878,Americas,South America,Peru
1196132281175677017,Americas,Northern America,United States
2652098492843037268,Americas,Northern America,United States
6849420071276447389,Americas,Northern America,United States
2740683783555632191,Americas,Northern America,United States
3006489767948351126,Americas,Northern America,United States
6332431001963915083,Americas,Northern America,United States
6997692197808690953,Americas,Northern America,United States
9476580765147760573,Americas,Northern America,United States
6485652672428047343,Americas,Northern America,United States
4646087283742071705,Americas,Northern America,United States
4708772765086811667,Asia,Eastern Asia,Japan
9944837330300807508,Americas,Northern America,United States
677752616453244098,Americas,Northern America,United States
5761840295662617853,Asia,Eastern Asia,Hong Kong
0463567805880031157,Americas,Northern America,United States
2976178532750719771,Americas,Northern America,United States
6569605994631186947,Americas,Northern America,United States
8494338866855383997,Americas,Northern America,United States
7852962950819420316,Americas,Northern America,United States
0831511922986457407,Americas,Northern America,United States
5844125218048689474,Americas,Northern America,United States
9998597322098588317,Americas,Northern America,United States
5716645943728946584,Americas,Northern America,United States
0872675904537373864,Americas,Northern America,United States
280571682929338005,Americas,Northern America,United States
776631603054327164,Americas,Northern America,United States
4438472402018450050,Americas,Northern America,United States
5653158844348284938,Americas,Northern America,United States
1584447393095121900,Europe,Northern Europe,United Kingdom
2083311728526721500,Europe,Southern Europe,Italy
9391398872833336270,Asia,Eastern Asia,Taiwan
968561294884812323,Oceania,Australasia,Australia
3126493267998651969,Americas,Northern America,United States
3536417627277338754,Americas,Northern America,United States
2114379950016755706,Americas,Northern America,United States
4166700707688517424,Africa,Eastern Africa,Kenya
3047968373711472876,Americas,Northern America,United States
9575408914367036152,Americas,Northern America,United States
7545791097611675575,Americas,Northern America,United States
611686833011451645,Americas,Northern America,United States
6997692197808690953,Americas,Northern America,United States
7551500186331851432,Americas,Northern America,United States
7589137567725941774,Americas,Northern America,United States
2509714289037323244,Americas,Northern America,United States
4283942788674999975,Europe,Northern Europe,United Kingdom
0482843755681270604,Americas,Northern America,United States
4166700707688517424,Africa,Eastern Africa,Kenya
6447038813466046632,Americas,Northern America,United States
6137206948447331806,Asia,Southern Asia,India
9256236123428718637,Americas,Northern America,United States
9169315450686147323,Americas,Northern America,United States
7612827560465471201,Americas,Northern America,United States
0824839726118485274,Americas,Northern America,United States
1992186447841680750,Americas,Northern America,United States
8844262168616364981,Americas,Northern America,United States
5027272465564918559,Americas,Northern America,United States
5141122398348392100,Americas,Northern America,United States
603373162136570069,Americas,Northern America,United States
2788555723243018631,Americas,Northern America,United States
3648006772930968422,Americas,Northern America,United States
8879965876172125518,Americas,Northern America,United States
3047968373711472876,Americas,Northern America,United States
899219447794713043,Americas,Northern America,United States
8160942479431419810,Americas,Northern America,United States
0107076854070556530,Americas,Northern America,United States
3884550482186951789,Americas,Northern America,United States
5760753352577829144,Americas,Northern America,United States
7291346718031890073,Americas,Northern America,United States
6452285658468801695,Americas,Northern America,United States
7962255080644646828,Americas,Central America,Mexico
586253222921981017,Americas,Northern America,United States
5923605856827327918,Americas,Northern America,United States
5542047417982345824,Americas,Northern America,United States
861704224604980653,Americas,South America,Venezuela
8430240768850820716,Americas,Northern America,United States
1468560120795000800,Americas,Northern America,United States
80533986466271934,Americas,Northern America,United States
4186654201396383023,Americas,Northern America,United States
1727250443336990005,Americas,Northern America,United States
052356344147474292,Americas,South America,Brazil
8844262168616364981,Americas,Northern America,United States
5029127815473896624,Americas,Northern America,United States
3928852209626139730,Americas,South America,Brazil
5662025863965519139,Africa,Western Africa,Ghana
1604207363880835144,Europe,Southern Europe,Italy
7528513440901181253,Africa,Western Africa,Nigeria
080198934214778432,Asia,Western Asia,Turkey
1990124622011761658,Europe,Eastern Europe,Romania
7009119803769433580,Americas,Central America,Mexico
8167395364783512812,Asia,Southeast Asia,Vietnam
0351632287593731316,Europe,Southern Europe,Malta
5971777881107526146,Americas,Northern America,United States
7107176815464557384,Europe,Eastern Europe,Bulgaria
6624787979965433923,Europe,Northern Europe,Sweden
0309261886834228457,Americas,Northern America,United States
4697285016335702650,Europe,Southern Europe,Macedonia (FYROM)
3129428927447879016,Europe,Eastern Europe,Romania
8579135825292142984,Asia,Western Asia,Saudi Arabia
392266230239681935,Americas,Northern America,United States
7695901877401090294,Americas,Northern America,United States
6981996719933297425,Asia,Southeast Asia,Vietnam
8510984876472239184,Americas,Northern America,United States
1911889996386486443,Americas,Northern America,United States
6685546903963120796,Europe,Southern Europe,Albania
1521456549459630946,Asia,Southeast Asia,Philippines
9046725463977206675,Asia,Western Asia,Lebanon
144864139337555048,Americas,South America,Peru
4608869756418155052,Asia,Southeast Asia,Vietnam
1020456285225652038,Asia,Southeast Asia,Indonesia
0079427215743080908,Asia,Southeast Asia,Malaysia
3471645573420610711,Americas,Northern America,United States
7206985795926437646,Europe,Eastern Europe,Bulgaria
4505926956620964959,Americas,Northern America,United States
4763700735431436916,Africa,Western Africa,Nigeria
8765034809774421925,Americas,Northern America,United States
9329173529042336568,Americas,Northern America,United States
4618653279856513109,Americas,Northern America,Canada
6137637278685153971,Europe,Eastern Europe,Poland
9667093370429187242,Oceania,Australasia,Australia
97891891046599615,Europe,Eastern Europe,Bulgaria
6944032653697399591,Americas,Central America,Mexico
0234145338242275684,Americas,Northern America,United States
9114775022253027186,Americas,Northern America,United States
6252728131985605340,Asia,Western Asia,Lebanon
4997324725609587630,Asia,Southeast Asia,Philippines
6685316593393465538,Asia,Southern Asia,India
7049621865585024582,Asia,Southeast Asia,Philippines
2918177342033193477,Americas,Northern America,United States
4483990316616746843,Asia,Southeast Asia,Philippines
0025977935439604602,Asia,Western Asia,Turkey
5474821906275306022,Asia,Western Asia,Qatar
2111820595965271371,Asia,Southern Asia,Pakistan
7026909036409439552,Asia,Western Asia,Jordan
0968127761227271876,Americas,Northern America,United States
7130708741364178397,Asia,Southeast Asia,Vietnam
8320453596618144081,Asia,Southeast Asia,Thailand
8799198809794781341,Asia,Southeast Asia,Philippines
5154193120534902927,Asia,Southeast Asia,Indonesia
4255338625866455517,Asia,Western Asia,Turkey
6330455631533399053,Asia,Western Asia,Qatar
5990026038672153765,Asia,Southern Asia,Bangladesh
67536053455160073,Americas,Northern America,United States
1073138688368742388,Europe,Southern Europe,Greece
3790758626611627703,Asia,Southeast Asia,Indonesia
2940606064926766207,Americas,Northern America,United States
3479533665270985361,Asia,Southeast Asia,Vietnam
0836088037097586822,Asia,Western Asia,Jordan
4214119414676479268,Asia,Western Asia,Jordan
858006202985700318,Americas,Northern America,United States
0442105167270544631,Asia,Western Asia,Jordan
1969153410958587831,Americas,Northern America,United States
9099722405227618521,Oceania,Australasia,New Zealand
7487276299534284111,Americas,Northern America,United States
9361209771301584749,Asia,Western Asia,United Arab Emirates
9464401950735163763,Americas,Northern America,United States
922574491169744800,Africa,Western Africa,Ghana
638188587265201583,Asia,Southern Asia,Nepal
6525073043945350608,Asia,Southeast Asia,Vietnam
4985318490924606854,Americas,Northern America,United States
590779558067584205,Africa,Northern Africa,Egypt
8109792812849376310,Americas,Northern America,United States
2927889798592152633,Asia,Western Asia,Turkey
8283810129441513889,Asia,Southern Asia,Pakistan
7838764341093098574,Asia,Southeast Asia,Philippines
8294721032567046680,Asia,Southeast Asia,Thailand
9474148307973386621,Americas,Northern America,United States
1080407219030471072,Americas,Northern America,United States
0398361149064215083,Asia,Southeast Asia,Philippines
7760710943954712561,Europe,Southern Europe,Albania
2037994828532225501,Asia,Southern Asia,India
4481271265454535983,Europe,Southern Europe,Slovenia
1676000689866374854,Europe,Eastern Europe,Romania
0976814349643249846,Asia,Southern Asia,India
9199626523824756303,Americas,Northern America,United States
8159312408158297118,Americas,Northern America,United States
8474018216191081000,Europe,Southern Europe,Bosnia & Herzegovina
0562186149374769502,Americas,Northern America,United States
1435025955230028921,Europe,Southern Europe,Kosovo
5108196650822287097,Asia,Southeast Asia,Thailand
660728468089995881,Americas,Central America,Mexico
5785038159063304723,Asia,Southeast Asia,Indonesia
7580620353994317249,Asia,Southeast Asia,Indonesia
3666425205905501769,Asia,Southern Asia,India
9846623940035935960,Asia,Southern Asia,India
1725308276585330171,Asia,Southeast Asia,Malaysia
003651776577235999,Asia,Southeast Asia,Thailand
327033764977141463,Americas,Northern America,United States
4046429612995809129,Americas,Northern America,United States
9760542832537452668,Asia,Western Asia,Bahrain
5700194191672908760,Asia,Southeast Asia,Philippines
8322568724705327982,Europe,Southern Europe,Albania
0633063975475430744,Americas,Northern America,United States
9436633101493051246,Europe,Southern Europe,Albania
8776681126168993881,Asia,Southeast Asia,Philippines
3262223648584960098,Americas,Northern America,United States
6893085242089567829,Asia,Southeast Asia,Philippines
1243079914205311089,Americas,Northern America,United States
5957423750259408181,Asia,Southern Asia,Sri Lanka
6100215535001015751,Americas,Northern America,United States
8595873831425982023,Americas,Northern America,United States
1455796843809624433,Africa,Northern Africa,Morocco
2333311944959839885,Americas,South America,Peru
8359984296406149602,Asia,Southeast Asia,Philippines
6255503582981118208,Asia,Western Asia,Israel
9287478037704157252,Asia,Southern Asia,India
2552900096430822095,Europe,Southern Europe,Kosovo
6844963729183856381,Africa,Southern Africa,South Africa
6968098798425025849,Asia,Southeast Asia,Philippines
7689418971224258553,Asia,Southern Asia,India
6046781218313753516,Asia,Southeast Asia,Thailand
8164125881176952640,Asia,Western Asia,United Arab Emirates
5022860852733926495,Europe,Southern Europe,Bosnia & Herzegovina
1695368345034757303,Asia,Southeast Asia,Thailand
625481915509878217,Asia,Southeast Asia,Philippines
3883427350764999490,Americas,Northern America,United States
0657069409429033180,Asia,Southeast Asia,Indonesia
2857437502918013493,Asia,Western Asia,Turkey
6211193132567927423,Europe,Southern Europe,Serbia
3508738339227649691,Asia,Southeast Asia,Philippines
1172811687454727418,Asia,Southern Asia,India
0839628667412633510,Americas,Northern America,United States
9202201639498308332,Americas,Northern America,United States
2558540002822570320,Americas,Northern America,United States
2669245344272380459,Americas,Northern America,United States
5813332623556894546,Americas,Northern America,United States
5773287559977076020,Asia,Southern Asia,India
7768702082988858382,Europe,Northern Europe,United Kingdom
1093090588655197774,Asia,Southeast Asia,Indonesia
0288239886234913234,Europe,Southern Europe,Montenegro
4451038378553805213,Asia,Southeast Asia,Philippines
8016283019267991827,Asia,Southern Asia,India
8797105134646815597,Asia,Southeast Asia,Philippines
0042083964115225554,Asia,Southern Asia,Bangladesh
5065430801543460130,Oceania,Australasia,Australia
3053719993562684315,Americas,Central America,Mexico
9006137764424802037,Asia,Southern Asia,Pakistan
3999264289129251252,Americas,Northern America,United States
2489200758526354134,Asia,Southern Asia,India
0682935748502587819,Asia,Southeast Asia,Philippines
9164186243890725026,Europe,Northern Europe,United Kingdom
3616491314110893756,Americas,Northern America,United States
1339057547270151222,Americas,Northern America,United States
3253651853272539416,Asia,Southeast Asia,Malaysia
9050669933021276168,Asia,Southern Asia,India
2079240571198736666,Asia,Southeast Asia,Vietnam
2294702657655606625,Americas,Northern America,United States
3130905289738126983,Asia,Southeast Asia,Indonesia
887616129624175433,Americas,Northern America,United States
6018293379739226020,Americas,Northern America,United States
1094430802645200451,Americas,Northern America,United States
0682505114244009252,Asia,Southern Asia,Pakistan
1587168278749165650,Africa,Northern Africa,Egypt
93247117283883434,Europe,Northern Europe,United Kingdom
555255688725948558,Europe,Southern Europe,Portugal
3078951812687611494,Americas,Northern America,United States
1822667241141828138,Asia,Southeast Asia,Vietnam
7154277987080329679,Oceania,Australasia,Australia
9486227257266224600,Asia,Southeast Asia,Philippines
4532296965158457303,Americas,Northern America,United States
457214241626610394,Americas,Northern America,United States
9475218557205932703,Americas,Northern America,United States
7504889983163117126,Asia,Southeast Asia,Philippines
3091639795759573425,Europe,Northern Europe,United Kingdom
9837978791217899377,Europe,Eastern Europe,Romania
6647309909049213206,Americas,Northern America,United States
8195001505868396741,Asia,Southeast Asia,Philippines
0437133959846345774,Europe,Eastern Europe,Romania
4929550865690366154,Asia,Southeast Asia,Philippines
1350324852240259946,Asia,Southern Asia,Pakistan
7322635117605532717,Asia,Southeast Asia,Vietnam
4986010567032832644,Americas,Northern America,United States
7477561702457594445,Asia,Eastern Asia,South Korea
24412857959273882,Asia,Southeast Asia,Vietnam
9555035232793636463,Europe,Western Europe,France
1925176185252781780,Europe,Southern Europe,Bosnia & Herzegovina
4308306428440772044,Americas,Northern America,United States
3024718569748039664,Americas,Northern America,United States
7184487151673046316,Europe,Northern Europe,United Kingdom
6654049146734718373,Asia,Southeast Asia,Thailand
3051275176717293727,Asia,Southeast Asia,Philippines
4929790064757999815,Asia,Southeast Asia,Vietnam
1495677183247170721,Americas,Northern America,United States
8296788127614611712,Asia,Southeast Asia,Philippines
3715978902848327513,Asia,Eastern Asia,Mongolia
1932210341172383153,Asia,Southern Asia,Pakistan
08799336118134333,Asia,Southeast Asia,Thailand
0450412367579811585,Europe,Southern Europe,Macedonia (FYROM)
5517621353235247073,Europe,Western Europe,Germany
5893678746287429244,Asia,Western Asia,Israel
8157902770827064364,Asia,Southeast Asia,Philippines
1709529109999406361,Asia,Southeast Asia,Philippines
5517621353235247073,Europe,Western Europe,Germany
8551077271351797351,Americas,Northern America,United States
7791775244006378690,Asia,Southeast Asia,Philippines
0256969138030150513,Europe,Northern Europe,United Kingdom
8935864145581700646,Europe,Southern Europe,Serbia
597822212189713615,Asia,Southern Asia,India
8738857132257941246,Americas,Northern America,United States
6230901238269019820,Americas,Northern America,United States
3082948927913895278,Asia,Southeast Asia,Malaysia
7746278488715410365,Americas,Northern America,United States
5475484100500416739,Americas,Northern America,United States
3648755406707989361,Asia,Western Asia,Cyprus
0541183904005115502,Asia,Southern Asia,Pakistan
9943663531673570065,Asia,Southern Asia,Bangladesh
3849270960605514919,Asia,Western Asia,United Arab Emirates
54770852795047271,Asia,Western Asia,United Arab Emirates
7951900688405132460,Europe,Southern Europe,Albania
9102741060017752319,Americas,Northern America,United States
9376975117153658474,Americas,Northern America,United States
4760235141189252609,Americas,Northern America,United States
7656587559912403821,Asia,Southern Asia,Maldives
9021696951412517458,Asia,Eastern Asia,Mongolia
8042741146307090456,Asia,Southeast Asia,Indonesia
8464773078373632970,Asia,Western Asia,United Arab Emirates
3419669627861736862,Asia,Southern Asia,Pakistan
0928745519437011970,Asia,Southern Asia,India
513886866110565645,Asia,Western Asia,United Arab Emirates
8774393352842610448,Americas,Northern America,United States
4563497354061145469,Asia,Southeast Asia,Vietnam
2219083861067234848,Asia,Western Asia,Turkey
595119749679693320,Asia,Southeast Asia,Indonesia
5991228058547501344,Asia,Western Asia,Lebanon
6410673241613222128,Americas,Northern America,United States
6613768346308896515,Asia,Southeast Asia,Vietnam
6771919507730111732,Asia,Southern Asia,Pakistan
4048366522770228816,Americas,South America,Peru
1502413680674337747,Europe,Northern Europe,United Kingdom
8126641317511045537,Europe,Southern Europe,Serbia
1619872195970328102,Asia,Southern Asia,India
9694501276331431503,Asia,Southeast Asia,Philippines
0014659935183303341,Asia,Southeast Asia,Philippines
2133194745753212880,Asia,Southern Asia,India
2816859265741542730,Asia,Southeast Asia,Philippines
4429356676245613649,Europe,Southern Europe,Bosnia & Herzegovina
0287510927831363599,Asia,Southern Asia,India
0384906281804405327,Asia,Southern Asia,Bangladesh
0692355001768213534,Asia,Southern Asia,India
2867973540673774992,Americas,Northern America,United States
1973141857570929749,Asia,Southeast Asia,Malaysia
2645609099951382287,Europe,Southern Europe,Macedonia (FYROM)
1314497717166228426,Americas,Northern America,United States
0080760683323142499,Asia,Southern Asia,India
6000761869466133065,Asia,Southeast Asia,Philippines
7470951958509199514,Asia,Western Asia,Turkey
7184487151673046316,Europe,Northern Europe,United Kingdom
3059431403856583524,Asia,Southeast Asia,Philippines
2495723586080643308,Asia,Southern Asia,India
5378542857601113620,Africa,Eastern Africa,Kenya
0566407148965152958,Europe,Eastern Europe,Bulgaria
4884455476818280849,Asia,Southern Asia,Pakistan
1851976036680654743,Asia,Southeast Asia,Malaysia
6708319017967328300,Africa,Eastern Africa,Malawi
5736350478420662495,Americas,Northern America,United States
0111906821496162306,Americas,Northern America,United States
8012683933611035744,Asia,Western Asia,United Arab Emirates
0179101093805446612,Asia,Western Asia,United Arab Emirates
2759203598427661079,Americas,Northern America,United States
2255577648563142460,Asia,Southeast Asia,Vietnam
010194374190315829,Asia,Southeast Asia,Philippines
5729477924073780852,Americas,Northern America,United States
5334700241944481702,Americas,Northern America,United States
858930805180682097,Africa,Eastern Africa,Ethiopia
0782782526666082987,Asia,Southeast Asia,Indonesia
3835585973945783512,Asia,Western Asia,United Arab Emirates
1158938362149036198,Asia,Western Asia,Turkey
3022340584412499283,Americas,Northern America,United States
3086058526760540706,Asia,Southeast Asia,Indonesia
9297654036665552990,Asia,Southeast Asia,Vietnam
9835570265455272338,Americas,Northern America,United States
0123202277034902712,Europe,Southern Europe,Greece
2090456244473009269,Asia,Southern Asia,India
1815355298576516673,Americas,Northern America,United States
7784757853442651756,Americas,Northern America,United States
995111825143782124,Americas,Northern America,United States
1232672009879117944,Asia,Southern Asia,India
5652022620268624563,Oceania,Australasia,Australia
8069825646783628399,Asia,Southeast Asia,Indonesia
8783794487946811714,Asia,Western Asia,United Arab Emirates
1824100406848224588,Asia,Southern Asia,India
0627106172682736405,Asia,Southeast Asia,Philippines
8197462018776949649,Asia,Southeast Asia,Philippines
5372722797469816494,Europe,Northern Europe,United Kingdom
090388644681259327,Asia,Southeast Asia,Indonesia
8950752670468470880,Asia,Southeast Asia,Philippines
6256902362089067902,Americas,Northern America,United States
534090547211274014,Americas,Northern America,United States
197268420725905111,Oceania,Australasia,Australia
5888378395111290244,Europe,Southern Europe,Spain
311728372018703952,Americas,Northern America,United States
542056571636185785,Americas,Northern America,United States
7233056391383603654,Americas,Northern America,United States
3488053850670143533,Europe,Eastern Europe,Slovakia
3097568124986562087,Americas,Northern America,United States
1685602050096206247,Asia,Eastern Asia,Hong Kong
1623220960837677586,Asia,Western Asia,Turkey
1333690623776707769,Americas,Northern America,United States
6107229716178617930,Americas,Northern America,United States
3867671661659082968,Americas,Northern America,United States
6004618674730269918,Americas,Northern America,United States
7195966922741455630,Africa,Western Africa,Nigeria
2734810493655863326,Americas,Central America,El Salvador
6366316989927168370,Americas,Northern America,United States
906139263149526246,Americas,Northern America,United States
1221683911086263327,Europe,Southern Europe,Italy
2638567429374804927,Asia,Eastern Asia,China
7783419426759984284,Americas,Central America,Mexico
391832147797559559,Asia,Southeast Asia,Thailand
8499733145178444169,Europe,Western Europe,France
2664056318278431156,Americas,South America,Argentina
0539413992997139766,Asia,Western Asia,Oman
9944115594178770946,Asia,Eastern Asia,Japan
9332940312639228882,Asia,Southern Asia,Sri Lanka
4842874549492287552,Asia,Western Asia,Turkey
8231985909853434992,Asia,Western Asia,Turkey
4652287826732444235,Americas,South America,Brazil
1586868266476732175,Americas,Northern America,United States
6449391852916941365,Asia,Western Asia,Turkey
796776238303447639,Americas,Northern America,United States
476419139818968912,Asia,Southern Asia,India
2040429609628789402,Asia,Eastern Asia,China
4519579316106061221,Americas,Central America,Mexico
1416501495461232400,Americas,South America,Peru
0948227249440399192,Asia,Western Asia,Turkey
0233470704323760007,Asia,Southern Asia,India
3259411844793303374,Africa,Northern Africa,Algeria
3652538119409785696,Asia,Western Asia,Israel
7180771470273032233,Asia,Western Asia,Saudi Arabia
4597308409158508498,Americas,South America,Brazil
1768021879618184521,Americas,Northern America,United States
4125846441958941515,Asia,Southeast Asia,Philippines
8347572489346024612,Americas,Northern America,United States
9333275846835376480,Europe,Eastern Europe,Slovakia
9405012143119882566,Americas,South America,Colombia
4652287826732444235,Americas,South America,Brazil
9234156111722725905,Americas,Northern America,United States
0578484710847149395,Americas,Northern America,United States
8942907331325175738,Americas,Northern America,United States
7272603699024978497,Americas,Northern America,United States
188467669290923231,Americas,Northern America,United States
5186861455885306495,Americas,Central America,Mexico
7204296105950946324,Americas,Northern America,United States
5765613965607610163,Europe,Southern Europe,Slovenia
0975199857190033636,Americas,Northern America,United States
4052177266351383392,Asia,Southeast Asia,Thailand
1992186447841680750,Americas,Northern America,United States
3483578416163230629,Americas,Northern America,United States
3121470346610517012,Africa,Northern Africa,Tunisia
4652287826732444235,Americas,South America,Brazil
7273185834724919018,Europe,Northern Europe,Ireland
6668699823160749167,Europe,Western Europe,Austria
2971589585119137431,Americas,South America,Colombia
4783706315047752370,Europe,Northern Europe,United Kingdom
3162605645011029759,Africa,Western Africa,Nigeria
5833561444608362232,Americas,South America,Brazil
079785550312480399,Americas,Northern America,United States
8884488727640389565,Europe,Western Europe,Switzerland
0512157711741253330,Americas,Northern America,United States
2361382689624783664,Americas,South America,Brazil
426334503418339249,Asia,Eastern Asia,Taiwan
6336947347957369770,Americas,Northern America,United States
364531667078624724,Americas,South America,Peru
8807827905511003249,Asia,Southeast Asia,Indonesia
7180275614450996653,Americas,Northern America,United States
8113673224304423345,Europe,Northern Europe,United Kingdom
9906757708231207408,Asia,Southeast Asia,Vietnam
5020449789759541117,Americas,South America,Venezuela
5220081523633286580,Europe,Eastern Europe,Poland
1244181925096404728,Americas,South America,Brazil
4948931523491427211,(not set),(not set),(not set)
4943724707143454002,Americas,Northern America,United States
5408757094730735604,Asia,Western Asia,Turkey
1338868737448099505,Europe,Northern Europe,Norway
5216871142837129848,Americas,South America,Colombia
6068822397105790135,Americas,South America,Brazil
0512157711741253330,Americas,Northern America,United States
7209704949625703251,Americas,Northern America,United States
6758157348271262903,Europe,Southern Europe,Italy
5462604146899553341,Americas,Northern America,United States
5468111842100914639,Americas,Northern America,United States
7365587847961481243,Europe,Northern Europe,Denmark
1989078065641173736,Americas,Central America,Mexico
7702887595038220497,Asia,Southern Asia,India
8523047204257412218,Americas,Northern America,United States
7403418739058603889,Asia,Eastern Asia,China
4142792746224821185,Asia,Western Asia,Turkey
4450011993608795253,Europe,Eastern Europe,Romania
9767128755424990396,Americas,Northern America,United States
3424885272218138036,Americas,Northern America,United States
2023230048919746133,Americas,Northern America,United States
2450602019453041409,Americas,Northern America,United States
893148638848434176,Europe,Eastern Europe,Bulgaria
2418639785325617071,Asia,Western Asia,Turkey
1081139066205636478,Asia,Western Asia,Israel
5692101275868168807,Europe,Eastern Europe,Ukraine
8518736572243003083,Americas,Northern America,United States
7595452521537632742,Europe,Eastern Europe,Russia
1498131993201949523,Americas,Northern America,United States
3083392203472914734,Americas,Northern America,United States
2282779651086596448,Europe,Southern Europe,Italy
1685602050096206247,Asia,Eastern Asia,Hong Kong
8315566408611847400,Americas,Northern America,Canada
4005479203420016741,Asia,Western Asia,Turkey
726716959010194520,Americas,Northern America,United States
7010293814475229513,Europe,Southern Europe,Italy
5414445215073031471,Americas,Northern America,Canada
155382455717322440,Americas,Central America,Mexico
5285909961694511050,Americas,Northern America,United States
3204977659528391251,Asia,Western Asia,Turkey
1610784985399282869,Americas,Northern America,United States
0068219692889395306,Europe,Eastern Europe,Poland
4652287826732444235,Americas,South America,Brazil
5628482334003706355,Americas,Northern America,United States
4401382581757781,Asia,Southern Asia,India
2676803576343975794,Americas,Northern America,United States
1919221904694879983,Americas,South America,Brazil
4384864789216760736,Americas,Central America,Mexico
2636107084457150438,Americas,Northern America,United States
3126038196679003379,Americas,Northern America,United States
302697950540819161,Americas,Northern America,United States
7977960939819997652,Americas,Northern America,United States
9409735706170093089,Asia,Western Asia,Turkey
3749537503973982470,Americas,Northern America,United States
7492544341773247322,Asia,Western Asia,Turkey
649784964461836294,Americas,Northern America,United States
9776692192051678187,Americas,Central America,Mexico
2973902145014289149,Asia,Western Asia,Turkey
4757151207311859905,Europe,Southern Europe,Greece
8139772740148979756,Europe,Western Europe,Switzerland
1725449566279895303,Asia,Western Asia,Saudi Arabia
2308841794297013914,Asia,Western Asia,Turkey
9503909815703534417,Asia,Eastern Asia,Japan
1308253240518311498,Europe,Eastern Europe,Poland
9784245170686568780,Asia,Southeast Asia,Vietnam
5761600662292757982,Africa,Northern Africa,Tunisia
2798490856916259678,Americas,Northern America,United States
2863393495106393918,Americas,Northern America,United States
7633141072508257313,Americas,Northern America,United States
1727250443336990005,Americas,Northern America,United States
0036734869235166970,Europe,Southern Europe,Greece
9923115678580928474,Americas,Northern America,United States
0634817412526733144,Americas,Northern America,United States
4475992693303749595,Americas,Northern America,United States
8443152750706781913,Americas,Central America,Panama
384088448748841648,Americas,Northern America,United States
8430240768850820716,Americas,Northern America,United States
5375690402753857650,Americas,South America,Brazil
6952119042958975545,Europe,Eastern Europe,Poland
0238278900894838748,Asia,Western Asia,Turkey
8585173466315759215,Americas,Northern America,United States
2497404271902135456,Americas,Northern America,United States
5946672336805397304,Americas,Northern America,United States
4652287826732444235,Americas,South America,Brazil
1492602573213666603,Asia,Eastern Asia,Japan
6709605006830148657,Americas,Northern America,United States
861704224604980653,Americas,South America,Venezuela
9386916489511923911,Americas,Northern America,United States
3523326200557497005,Americas,Central America,Mexico
9053860080697914688,Americas,South America,Peru
9880469203491713273,Americas,Northern America,United States
4652287826732444235,Americas,South America,Brazil
0965798441866044574,Americas,Northern America,United States
6938457584786898565,Americas,Northern America,United States
9156455213751523745,Americas,Northern America,United States
7897082449499228899,Asia,Southern Asia,India
9631957696577184381,Asia,Southeast Asia,Malaysia
0225180756322086961,Asia,Southern Asia,India
6183112800600231303,Asia,Southeast Asia,Vietnam
2488464858794430073,Americas,Northern America,United States
6232830708442381025,Asia,Western Asia,Turkey
8864185487518136103,Americas,South America,Peru
1007671272242791999,Americas,Northern America,United States
2935188294263182152,Europe,Eastern Europe,Poland
350163692909705652,Americas,Northern America,United States
2797836219124187807,Europe,Southern Europe,Spain
1194014264023391501,Asia,Western Asia,Turkey
4539726134771771711,Asia,Southeast Asia,Philippines
8460830690164908023,Asia,Southeast Asia,Singapore
143953260196124648,Americas,Northern America,United States
292215863796392689,Europe,Western Europe,France
1657243834688898976,Europe,Eastern Europe,Bulgaria
893751538499573956,Americas,Central America,Mexico
8652973185415391602,Americas,Northern America,United States
5120984078580018049,Asia,Southeast Asia,Thailand
1938701249830982521,Asia,Southeast Asia,Singapore
7968659321982517566,Asia,Western Asia,Turkey
9919775020461223195,Americas,Northern America,United States
5641813888175115996,Americas,Northern America,United States
9998494082757181208,Americas,South America,Brazil
3232063550698301055,Asia,Southeast Asia,Philippines
2040429609628789402,Americas,Northern America,United States
8090884101253732531,Asia,Western Asia,Turkey
769388239918029956,Americas,Northern America,United States
3779933771588936390,Americas,Northern America,United States
4246577391598151598,Americas,Northern America,United States
3311149337757194338,Asia,Western Asia,Turkey
1092278015021050527,Asia,Western Asia,Turkey
2213191339240555860,Americas,Northern America,United States
1447660470458840050,Americas,South America,Argentina
7772079039007468977,Americas,Northern America,Canada
7394165545362887055,Asia,Southeast Asia,Vietnam
4408040426075161227,Americas,Northern America,United States
1110352826809718840,Americas,South America,Colombia
4625303162432050331,Asia,Southeast Asia,Philippines
9066503657481474837,Asia,Western Asia,Turkey
4187677473228128704,Europe,Eastern Europe,Poland
2347241930366920544,Americas,Central America,Mexico
9573262732534488684,Americas,South America,Brazil
5570055668173869692,Asia,Southern Asia,India
1709298781580419163,Americas,Northern America,United States
143953260196124648,Americas,Northern America,United States
151583202631753728,Asia,Southern Asia,India
1315737692752879214,Europe,Eastern Europe,Romania
4991561811018569723,Asia,Western Asia,Turkey
8842322787175138234,Americas,Northern America,United States
2873642522152808731,Americas,Northern America,United States
5403925969319345361,Americas,Central America,Mexico
4578640586284138624,Americas,Northern America,United States
5202567874210594297,Americas,Northern America,United States
6554972514486895793,Americas,Northern America,United States
3248367829168596609,Americas,Northern America,United States
9432675398065035916,Europe,Eastern Europe,Romania
5651861763705720283,Europe,Western Europe,Netherlands
2169084821001691064,Americas,Central America,Mexico
711432706839362141,Americas,Northern America,United States
6680094089236180217,Americas,Northern America,United States
7965130316907003624,Americas,Northern America,United States
5699405593618370086,Americas,South America,Brazil
6850060881061117685,Americas,Northern America,United States
7221578135604575591,Americas,Northern America,United States
5055318098307741379,Americas,Central America,Costa Rica
1685602050096206247,Asia,Eastern Asia,Hong Kong
0284225352837835895,Americas,Northern America,United States
4703900907627844850,Americas,Northern America,Canada
8265862694719602421,Asia,Eastern Asia,Japan
3061442843679452103,Asia,Western Asia,Turkey
6953748995972109762,Africa,Eastern Africa,Kenya
5472469664923481625,Asia,Southeast Asia,Vietnam
3030113936939242666,Americas,Northern America,United States
4908197409515839782,Asia,Western Asia,Turkey
5883538692283076770,Europe,Eastern Europe,Slovakia
3746959242497212747,Asia,Eastern Asia,South Korea
2013012615043078799,Asia,Southeast Asia,Vietnam
9837097202588520944,Europe,Northern Europe,United Kingdom
3965109796773872685,Americas,Northern America,United States
2213191339240555860,Americas,Northern America,United States
4850600942134994335,Americas,South America,Argentina
3693373653741415346,Asia,Southern Asia,India
002855959112934473,Europe,Eastern Europe,Poland
3097977841301344292,Americas,Central America,Mexico
2159622139970106281,Americas,Central America,Mexico
831529806811845971,Americas,Northern America,United States
6052333928516105307,Americas,Northern America,United States
5383719560294566090,Africa,Northern Africa,Morocco
8297839629703521359,Americas,South America,Paraguay
6367267394223441622,Americas,Northern America,United States
073493434876149875,Americas,Northern America,United States
0241637905936274121,Europe,Northern Europe,United Kingdom
7949071502503761007,Americas,South America,Brazil
16454217945357461,Asia,Eastern Asia,Japan
3563131925654510207,Americas,Northern America,United States
3005621515077986929,Europe,Northern Europe,United Kingdom
7570839752888809028,Americas,Northern America,Canada
3705338764625512665,Americas,Northern America,United States
7373456526061393285,Africa,Northern Africa,Tunisia
7948761008238376653,Americas,Northern America,United States
9459384188253198762,Americas,South America,Brazil
4309210728912777629,Americas,Northern America,United States
1020318604011294023,Asia,Eastern Asia,Japan
1091402562926705962,Asia,Southeast Asia,Indonesia
163871097857735731,Asia,Southern Asia,India
1925600224127308411,Europe,Eastern Europe,Russia
2883953341277777482,Europe,Eastern Europe,Slovakia
842695415836236209,Asia,Western Asia,Turkey
6336201826525833700,Americas,Northern America,United States
2297000571387202062,Americas,South America,Brazil
2883953341277777482,Europe,Eastern Europe,Slovakia
7294782993191958078,Americas,Northern America,United States
5874622223792422534,Americas,Northern America,United States
3896017612841392267,Asia,Southeast Asia,Vietnam
2898891108701526100,Americas,Northern America,United States
418865663414800452,Americas,Northern America,United States
4278704657257301492,Americas,Northern America,United States
2530837614427752394,Americas,Northern America,United States
7336111418356994091,Americas,Central America,Mexico
558694916414120794,Americas,Central America,Mexico
4942265173689980027,Europe,Eastern Europe,Poland
2345152707971951989,Asia,Western Asia,Turkey
4615221069044086746,Asia,Southeast Asia,Vietnam
0888352802978309784,Americas,Northern America,United States
831529806811845971,Americas,Northern America,United States
5751009969575920290,Americas,Northern America,United States
6790196912687943685,Asia,Western Asia,Israel
6918155864256739565,Americas,Northern America,United States
5076747981380011349,Asia,Southeast Asia,Philippines
1996019318296556470,Asia,Southeast Asia,Philippines
6091712405716575101,Europe,Northern Europe,United Kingdom
2990657282648176560,Europe,Southern Europe,Slovenia
9851107651996158393,Africa,Northern Africa,Egypt
6972990228114870168,Africa,Western Africa,Ghana
7198101287270806110,Asia,Southeast Asia,Singapore
4109437900902312096,Americas,South America,Uruguay
0483345007930710185,Asia,Western Asia,United Arab Emirates
4827471780080211387,Asia,Southeast Asia,Philippines
3829608467688460896,Asia,Southeast Asia,Thailand
1864283431927160986,Europe,Southern Europe,Macedonia (FYROM)
555255688725948558,Europe,Southern Europe,Portugal
5916967136802979782,Africa,Northern Africa,Egypt
3018790778434377447,Americas,Northern America,United States
5124363637038569400,Asia,Southern Asia,India
3518866559420072651,Asia,Southeast Asia,Philippines
8105685042100471238,Africa,Western Africa,Nigeria
5507371724173191924,Asia,Southern Asia,Pakistan
773380786527880541,Asia,Western Asia,Turkey
2124123299417531922,Asia,Southeast Asia,Malaysia
1176904343856971981,Americas,Northern America,United States
0030653393617659458,Asia,Southern Asia,India
3764926612197340903,Europe,Eastern Europe,Bulgaria
7052983012537569190,Asia,Southern Asia,Pakistan
8679175805931046943,Americas,Northern America,United States
1308892609838770664,Oceania,Australasia,New Zealand
7926327538769640111,Asia,Southeast Asia,Vietnam
3649768904137963114,Asia,Southeast Asia,Indonesia
5294920588848318216,Asia,Western Asia,Oman
3873612752714524710,Asia,Southern Asia,India
4962655910256254391,Americas,Northern America,United States
2869207996367737555,Europe,Southern Europe,Albania
5479291990205277,Americas,Northern America,United States
425363421029532836,Americas,Northern America,United States
0793894714334414573,Americas,Northern America,United States
1161341769746810719,Americas,Northern America,United States
6787977083055740493,Americas,Northern America,United States
596434846461499945,Asia,Southern Asia,Pakistan
7042391147528588088,Asia,Southeast Asia,Thailand
7133602605072127950,Americas,Northern America,United States
6596829540463051846,Asia,Southeast Asia,Thailand
7447285778026883579,Asia,Southern Asia,Bangladesh
419096398455299755,Asia,Western Asia,Turkey
3075297424114413471,Africa,Eastern Africa,Kenya
8159312408158297118,Americas,Northern America,United States
4261104097533511742,Americas,Northern America,United States
5817604312711965479,Europe,Eastern Europe,Romania
9637317595550049769,Americas,Northern America,United States
7451681150246556439,Americas,Northern America,Canada
7530835025978047273,Americas,South America,Peru
4892918202164561067,Americas,Northern America,United States
8613727815538479931,Americas,Northern America,United States
1314991181138104250,Americas,Northern America,United States
5542047417982345824,Americas,Northern America,United States
5832702976406493104,Africa,Northern Africa,Algeria
2968198904310902260,Americas,Northern America,United States
8155914168070068086,Americas,Central America,Mexico
2499073159297778675,Americas,Northern America,United States
9633499195063618864,Americas,Northern America,United States
8247388453936975366,Americas,Northern America,United States
8270598933384562992,Americas,Northern America,United States
0956308009791911590,Americas,Northern America,United States
4361310420645778849,Americas,South America,Brazil
4002784612033726366,Americas,Northern America,United States
5321880453602324370,Asia,Western Asia,Turkey
1314991181138104250,Americas,Northern America,United States
9193725702802112646,Americas,Northern America,United States
5163629098760825850,Americas,Northern America,United States
3016447689917861550,Americas,Northern America,United States
2352141078371657771,Americas,Northern America,United States
3973062960912319313,Americas,Northern America,United States
0512157711741253330,Americas,Northern America,United States
0653204422850739130,Americas,Northern America,United States
4578640586284138624,Americas,Northern America,United States
9419417742240668408,Americas,Central America,Mexico
8518736572243003083,Americas,Northern America,United States
993960800413367373,Americas,Northern America,United States
3511510906428386631,Americas,Northern America,United States
0382398254804709368,Americas,Northern America,United States
4652287826732444235,Americas,South America,Brazil
1314991181138104250,Americas,Northern America,United States
796776238303447639,Americas,Northern America,United States
1865917130947753901,Americas,Northern America,Canada
6336201826525833700,Americas,Northern America,United States
138892769269044372,Asia,Western Asia,Saudi Arabia
7277518791167475151,Asia,Southeast Asia,Philippines
828395773985392863,Americas,Northern America,United States
2876152756735198740,Americas,Northern America,United States
4689779080679225130,Europe,Northern Europe,Estonia
7251030907573266334,Asia,Western Asia,Turkey
7444154001043657810,Asia,Eastern Asia,China
7052423402367562717,Americas,Northern America,United States
2171803015253400381,Americas,Northern America,United States
5685693302497646755,Asia,Eastern Asia,South Korea
8247388453936975366,Americas,Northern America,United States
997132598246769812,Americas,Northern America,United States
5705587814808849172,Americas,Northern America,United States
5029127815473896624,Americas,Northern America,United States
5029127815473896624,Americas,Northern America,United States
8471858690284145098,Europe,Northern Europe,Denmark
3595188488911460764,Asia,Southeast Asia,Indonesia
8668489339541549732,Asia,Southeast Asia,Malaysia
6960772894161809181,Americas,Northern America,United States
7890522790605033993,Americas,Northern America,United States
6459195852049791924,Americas,Northern America,United States
8468695172709026797,Europe,Eastern Europe,Slovakia
569919312322220284,Americas,Northern America,United States
745534609687650923,Asia,Southeast Asia,Thailand
6376223275078772334,Americas,Northern America,United States
1264182354008543726,Europe,Southern Europe,Spain
7890522790605033993,Americas,Northern America,United States
9816358211063157772,Asia,Southern Asia,Bangladesh
7800303982720483965,Europe,Eastern Europe,Russia
2138249057628555204,Americas,Northern America,United States
0873351456661694382,Europe,Northern Europe,United Kingdom
4724014961050797892,Europe,Northern Europe,United Kingdom
1099720071861739539,Americas,Northern America,United States
8396702305614208899,Europe,Northern Europe,United Kingdom
6841939359011858096,Americas,Northern America,United States
3608695950774348121,Americas,Northern America,Canada
5631523229004229049,Americas,Northern America,United States
7377104901113732837,Americas,Northern America,United States
685093856498901260,Asia,Western Asia,United Arab Emirates
2571352945100828274,Americas,Northern America,Canada
6492137813042219373,Americas,Northern America,United States
2763373019862944348,Americas,Northern America,United States
2639618936246660179,Americas,Northern America,United States
45363752238647523,Americas,Northern America,United States
9470014125434090142,Americas,Northern America,United States
5560196043019883828,Americas,Northern America,United States
8825210033101874099,Americas,Northern America,United States
8707130821694195643,Europe,Northern Europe,United Kingdom
2385129494834692962,Americas,Caribbean,Puerto Rico
1112507988105512057,Americas,Northern America,United States
5783524644793849340,Americas,Northern America,United States
9755167464612856206,Europe,Southern Europe,Italy
8821893673728116223,Americas,Northern America,United States
7030817022153386326,Americas,Northern America,United States
8561301111881514700,Americas,Northern America,United States
3912300160509220549,Americas,Northern America,United States
0048779526424910845,Americas,Northern America,United States
8535591044733210611,Americas,Northern America,United States
1233984196205205270,Americas,Northern America,United States
0890114017350413002,Americas,Northern America,United States
3373969394465125539,Asia,Southern Asia,India
1626716998556233354,Americas,Northern America,United States
5622119904627470425,Americas,Northern America,United States
2767352754546074856,Americas,Northern America,United States
1159303959044958896,Americas,South America,Brazil
2898891108701526100,Americas,Northern America,United States
7298538238612725446,Americas,Northern America,United States
6792260745822342947,Americas,Northern America,United States
2311098311158255548,Americas,Northern America,United States
5646573463881087411,Americas,Northern America,United States
6421790496910689049,Oceania,Australasia,Australia
8809191887069011645,Africa,Eastern Africa,Kenya
3543950983119207807,Americas,Northern America,United States
7374313930793992626,Americas,Northern America,United States
9134477516832920376,Americas,Northern America,United States
5446299164547357031,Americas,Northern America,United States
4531795194219180142,Americas,Northern America,United States
5667050321723560954,Americas,Northern America,United States
8710571720716016076,Americas,Northern America,United States
2615752151504666061,Europe,Northern Europe,Ireland
8449642504674588327,Americas,Northern America,United States
0064274440515862565,Europe,Western Europe,Germany
747199723663626460,Americas,Northern America,United States
0429222405901537951,Americas,Northern America,United States
6634595899244493358,Americas,Northern America,United States
6378885939141116855,Europe,Northern Europe,United Kingdom
4433017212064092643,Americas,Northern America,United States
5999345907278885362,Asia,Southern Asia,Pakistan
1065380313069897838,(not set),(not set),(not set)
9035777218447200091,Americas,Northern America,United States
38176613026658222,Americas,Northern America,United States
0482426092828914711,Europe,Northern Europe,United Kingdom
5177274155761679569,Europe,Eastern Europe,Poland
1064142968276574826,Americas,Northern America,United States
4530047399880276145,Americas,Northern America,United States
0063860542745733558,Americas,Northern America,United States
5692660940241926694,Americas,Northern America,United States
1231590494443171080,Americas,Northern America,United States
0888352802978309784,Americas,Northern America,United States
2832065648026954185,Americas,Northern America,United States
9310825606289562783,Americas,Northern America,United States
6137206948447331806,Asia,Southern Asia,India
394725225045196314,Africa,Northern Africa,Tunisia
3085396425650556598,Americas,Northern America,United States
2775333805699294537,Americas,Northern America,United States
37731001180252335,Europe,Western Europe,Germany
9617033484006686914,Americas,Northern America,United States
1613869085928837147,Americas,Northern America,United States
2372648582928449946,Americas,Northern America,United States
4309210728912777629,Americas,Northern America,United States
1112507988105512057,Americas,Northern America,United States
9023992206371203986,Americas,Northern America,United States
5783524644793849340,Americas,Northern America,United States
3065316533128123013,Americas,Northern America,Canada
5551132834939072500,Europe,Eastern Europe,Ukraine
336637157127346441,Europe,Southern Europe,Portugal
3884550482186951789,Americas,Northern America,United States
2952540151895889972,Americas,Northern America,United States
164790502418196843,Americas,Northern America,United States
7747069196916153269,Americas,Northern America,United States
0913838758061745699,Americas,Northern America,United States
7658202405445752414,Americas,Northern America,United States
5882258963347216049,Oceania,Australasia,Australia
5121453966155985426,Americas,Northern America,United States
6932408648900988870,Americas,Northern America,United States
1784134512217740615,Americas,Northern America,United States
1492217702561732960,Americas,Northern America,United States
1276631666870427430,Americas,Central America,Mexico
3668803711162394702,Americas,Northern America,United States
6515694903160268646,Americas,Northern America,United States
4022857277036921576,Asia,Southeast Asia,Singapore
7612201596061421982,Asia,Southeast Asia,Singapore
9085218887779640980,Americas,Northern America,United States
6345117059388722625,Europe,Eastern Europe,Ukraine
519362431810205197,Americas,Northern America,United States
2047874584272208283,Americas,Northern America,United States
0306141257002185315,Europe,Southern Europe,Spain
519362431810205197,Americas,Northern America,United States
519362431810205197,Americas,Northern America,United States
4938551206840866311,Asia,Eastern Asia,Japan
3547717276163025378,Americas,Northern America,United States
4049241184747238128,Europe,Western Europe,Switzerland
1790111996914676794,Americas,Northern America,United States
4428007861318670062,Europe,Northern Europe,United Kingdom
4688685219584517293,Asia,Western Asia,Israel
5793852641351150725,Americas,South America,Colombia
1921805901720598269,Americas,Northern America,United States
9710270530499631126,Americas,Northern America,United States
8086030903283426090,Asia,Southern Asia,India
1754009007608510350,Europe,Southern Europe,Spain
2681867759702029281,Asia,Southern Asia,India
0155570241519455322,Asia,Eastern Asia,China
1053828258793597684,Americas,Northern America,United States
1039630068425575442,Americas,Northern America,United States
039671683621540641,Asia,Southern Asia,India
5151716725909959249,Europe,Western Europe,Germany
7624290805116034111,Americas,Northern America,United States
0019983046037497243,Americas,Northern America,Canada
7092069472105480996,Asia,Southern Asia,India
2622820320799122480,Asia,Eastern Asia,Japan
1739823917347946740,Americas,Northern America,United States
4761242402881888193,Americas,Northern America,United States
4773809469941024206,Africa,Eastern Africa,Rwanda
1219325807742188295,Americas,Northern America,United States
1024751686551205649,Asia,Southern Asia,India
2550774479005599333,Asia,Southern Asia,India
91490237172189168,Asia,Western Asia,Georgia
0690923971950364732,Europe,Western Europe,Netherlands
0877821095982571303,Americas,Northern America,United States
0239608205717854090,Americas,Northern America,United States
1921805901720598269,Americas,Northern America,United States
0203986763041661843,Asia,Eastern Asia,Taiwan
4460407620777269094,Asia,Southern Asia,India
4675639381576467176,Asia,Southern Asia,India
7774603505558745741,Asia,Southern Asia,India
1749010407044905351,Asia,Southeast Asia,Singapore
0944623283834094827,Asia,Eastern Asia,Japan
8003180095462219875,Americas,Northern America,United States
7629784540272591367,Asia,Southern Asia,India
2826190005354069899,Americas,Northern America,United States
0423043652415339154,Americas,Northern America,United States
2982415081129763534,Americas,Northern America,United States
3918922672011504821,Americas,Northern America,United States
7105897662777519249,Europe,Northern Europe,United Kingdom
6248742189359702187,Americas,Northern America,United States
7416565604470087079,Asia,Eastern Asia,Hong Kong
3608475193341679870,Americas,Northern America,United States
6248742189359702187,Americas,Northern America,United States
1749010407044905351,Asia,Southeast Asia,Singapore
2430496949275205085,Americas,Northern America,United States
869096201147438807,Americas,Northern America,United States
