fullVisitorID,browser,operatingSystem,deviceCategory
7194065619159478122,Internet Explorer,Windows,desktop
8159312408158297118,Chrome,Windows,desktop
9236304747882138291,Chrome,Macintosh,desktop
1792676004815023069,Firefox,Windows,desktop
7305625498291809599,Internet Explorer,Windows,desktop
5378233269828404918,Chrome,Windows,desktop
5270776363703942229,Chrome,Windows,desktop
8470886127234408497,Chrome,Windows,desktop
8861555771453791094,Edge,Windows,desktop
8295804655007281109,Opera,Windows,desktop
0018526595751613673,Chrome,Android,mobile
625481915509878217,Chrome,Windows,desktop
1374370622285576102,Chrome,Windows,desktop
0092183247509236158,Chrome,Windows,desktop
9333094893297665795,Chrome,Windows,desktop
1621472397271519979,Chrome,Android,mobile
0831372147340640012,Chrome,Macintosh,desktop
9144533028617712380,Chrome,Windows,desktop
5345363805648300707,Chrome,Windows,desktop
8602954012826759505,Opera,Windows,desktop
2365782199498528299,Chrome,Macintosh,desktop
5636536798768846801,Firefox,Linux,desktop
8159312408158297118,Chrome,Windows,desktop
4993485206334150199,Safari,Macintosh,desktop
0333020190932309428,Safari,iOS,tablet
4853490478802253419,Chrome,Windows,desktop
5140493641776291415,Chrome,Macintosh,desktop
1133489829802371861,Safari (in-app),iOS,mobile
1730677701874729626,Chrome,Windows,desktop
3662205194729528989,Chrome,Windows,desktop
6870422387229180122,Safari (in-app),iOS,mobile
0794931300984810764,Chrome,Linux,desktop
5160807529212499245,Chrome,Windows,desktop
0047614564270023403,Firefox,Macintosh,desktop
6137206948447331806,Chrome,Chrome OS,desktop
5106315619134282281,Chrome,Windows,desktop
1099720071861739539,Safari,iOS,mobile
3787134985295919795,Chrome,iOS,mobile
1343892784443318387,Safari,iOS,tablet
825509565309716229,Chrome,Windows,desktop
0486562139346467089,Chrome,Android,mobile
8743175383102521583,Chrome,Windows,desktop
999700442444678323,Chrome,Chrome OS,desktop
9035306047185052141,Chrome,Windows,desktop
8698531054438587635,Chrome,Android,tablet
0640111497078551143,Safari,iOS,tablet
4530126874298409636,Chrome,Windows,desktop
0344452283390306758,Safari,iOS,mobile
0382398254804709368,Chrome,Android,mobile
8568474718223370752,Chrome,Macintosh,desktop
558025075151655343,Chrome,Android,mobile
5392755432370247158,Firefox,Windows,desktop
3751823672052015547,Chrome,Windows,desktop
9017498520228491211,Firefox,Windows,desktop
8846289716943240767,Chrome,Windows,desktop
6787410765100329612,Safari,Macintosh,desktop
3744175328919003297,Safari,iOS,mobile
6219287332213749748,Chrome,Android,mobile
0721240306323694297,Chrome,Windows,desktop
3731478369788901995,Safari,Macintosh,desktop
0823708422231226277,Chrome,Chrome OS,desktop
8436426603099391262,Chrome,Macintosh,desktop
5221215576603815484,Chrome,Windows,desktop
6981691734539296402,Chrome,iOS,mobile
121295653097861536,Chrome,Windows,desktop
3787134985295919795,Chrome,iOS,mobile
6062692528026913835,Chrome,Macintosh,desktop
5820481070166950233,Chrome,Windows,desktop
6202551162320501793,Chrome,Windows,desktop
6359841587657357338,Chrome,Linux,desktop
7545615511078513943,Safari,iOS,mobile
5882258963347216049,Chrome,Android,tablet
1188397610560498241,Safari,Macintosh,desktop
7009176709240157276,Chrome,Android,mobile
2869886758561013518,Chrome,Macintosh,desktop
584186909754430703,Chrome,Android,tablet
5622119904627470425,Chrome,Macintosh,desktop
0824839726118485274,Chrome,Windows,desktop
8675769146751606586,Chrome,Windows,desktop
4904969714374913266,Safari,iOS,mobile
3970991392089882251,Chrome,Macintosh,desktop
9872679951861022740,Safari,iOS,mobile
3463054183716306407,Firefox,Macintosh,desktop
7275493482741180809,Chrome,Macintosh,desktop
6637957997898535918,Chrome,Windows,desktop
6362237262934311328,Chrome,Windows,desktop
9065074234812691512,Safari,iOS,mobile
9878962654812700271,Chrome,Windows,desktop
5231073281895209426,Chrome,Windows,desktop
6842770750697615080,Chrome,Android,mobile
9190094819702613002,Chrome,Macintosh,desktop
8952006223234542590,Chrome,Windows,desktop
7428592908976647992,Safari,iOS,mobile
7157626079567895669,Chrome,Macintosh,desktop
358293611905184240,Chrome,Windows,desktop
8825722961059493275,Safari,iOS,mobile
5193965013430455128,Chrome,Macintosh,desktop
0793874482369095202,Chrome,Windows,desktop
1817256435818850257,Chrome,Macintosh,desktop
4005605575873365444,Chrome,Linux,desktop
2509714289037323244,Chrome,Macintosh,desktop
4642712737855870554,Chrome,Android,mobile
3843819088097691729,Chrome,Android,mobile
9993178476401172532,Safari,iOS,tablet
1060857658642961259,Chrome,Windows,desktop
1439150231069374974,Safari,iOS,tablet
674626656635666685,Firefox,Linux,desktop
1368220609907191551,Chrome,Macintosh,desktop
9682363348505503136,Safari,iOS,mobile
4890176689513443468,Chrome,Chrome OS,desktop
8821893673728116223,Chrome,Macintosh,desktop
2519501167659119738,Chrome,Windows,desktop
9849723138964482903,Chrome,Windows,desktop
3393266984599791046,Chrome,Macintosh,desktop
6370895626479501172,Chrome,Chrome OS,desktop
4259087156506051404,Safari,Macintosh,desktop
7688525234045688740,Chrome,Windows,desktop
494121189234839790,Chrome,Macintosh,desktop
4652287826732444235,Chrome,Chrome OS,desktop
0127234764050343351,Internet Explorer,Windows,desktop
5166572114676000975,Chrome,Windows,desktop
80533986466271934,Chrome,Macintosh,desktop
2158742461682231369,Chrome,iOS,mobile
8553346870455443503,Safari,iOS,mobile
834799491548640007,Chrome,Macintosh,desktop
4834118369822066721,Chrome,Macintosh,desktop
2842895618476559410,Chrome,Android,tablet
8500478825159566764,Safari,iOS,mobile
4741032916677179123,Chrome,Android,mobile
9779770777585916245,Safari,iOS,mobile
6960772894161809181,Chrome,Macintosh,desktop
1613869085928837147,Safari,iOS,mobile
2519663407845424469,Chrome,Windows,desktop
0728735440890222177,Chrome,Macintosh,desktop
7915917649445719453,Chrome,Windows,desktop
5545865256703329577,Chrome,Macintosh,desktop
2213191339240555860,Chrome,Macintosh,desktop
8779215719666644170,Safari,iOS,tablet
5173035161858804497,Chrome,Windows,desktop
0242260641211986209,Chrome,Macintosh,desktop
8132563834178974953,Chrome,Macintosh,desktop
3907770685196037697,Chrome,Chrome OS,desktop
8597027410485057111,Chrome,Macintosh,desktop
1900406563824931678,Chrome,Windows,desktop
708182136272724140,Chrome,Macintosh,desktop
6604767229049497201,Chrome,Windows,desktop
9976748477294164726,Safari (in-app),iOS,mobile
0703071257327430346,Chrome,Macintosh,desktop
0803766777397114425,Chrome,Chrome OS,desktop
2779366116674268856,Chrome,Windows,desktop
9493249883710631149,Chrome,Macintosh,desktop
9085218887779640980,Internet Explorer,Windows,desktop
3547717276163025378,Safari,iOS,mobile
8422029627538180622,Chrome,Macintosh,desktop
3517720271768758077,Chrome,Chrome OS,desktop
1882401858291805493,Chrome,Macintosh,desktop
5271693154474208456,Chrome,Macintosh,desktop
6579047524938382825,Chrome,Macintosh,desktop
789678791378176941,Chrome,Windows,desktop
6966646264698722317,Chrome,Macintosh,desktop
9533571845569362552,Chrome,Android,mobile
8430240768850820716,Chrome,Macintosh,desktop
5310912563447452038,Chrome,Linux,desktop
579368549092174659,Safari,iOS,mobile
1076513025655678778,Chrome,Chrome OS,desktop
7505340672525128933,Chrome,Linux,desktop
406461230962938817,Chrome,Windows,desktop
7270929847039069200,Chrome,Chrome OS,desktop
1978627755211436010,Chrome,Windows,desktop
116992034719575555,Chrome,Windows,desktop
4961413465713332680,Chrome,Android,mobile
7666394839176567102,Safari,iOS,mobile
9801276214964695322,Chrome,Windows,desktop
5014443002776077299,Safari,iOS,mobile
365594903822101283,Firefox,Windows,desktop
7629784540272591367,Firefox,Linux,desktop
1641476689503533321,Safari,Windows Phone,mobile
5430848282423196998,Chrome,Windows,desktop
5079847790435547812,Chrome,iOS,mobile
09643929456640790,Chrome,Linux,desktop
8069796630919527574,Chrome,Chrome OS,desktop
3635754152765180885,Chrome,iOS,mobile
0521800236999423025,Safari,iOS,mobile
1769164681262367221,Chrome,Windows,desktop
4356368670265924289,Chrome,Windows,desktop
3142889679741524960,Chrome,Macintosh,desktop
4033613882118163102,Chrome,iOS,tablet
0657885132759378144,Chrome,Android,tablet
4220154440291082400,Chrome,Android,mobile
6787160235338713122,Chrome,Macintosh,desktop
9290558425075999936,Opera,Windows,desktop
2598179390836943384,Chrome,Windows,desktop
4174312721111666274,Chrome,Macintosh,desktop
2979602448351162096,Chrome,Macintosh,desktop
6422467164885658062,Chrome,Macintosh,desktop
1276631666870427430,Safari,Macintosh,desktop
0462674042152519432,Chrome,Android,mobile
4237630977862841427,Chrome,Macintosh,desktop
8998597645420885788,Chrome,Macintosh,desktop
4500488192672905042,Chrome,Linux,desktop
4572584574023002147,Chrome,Linux,desktop
5260117902407993152,Internet Explorer,Windows,desktop
3514489728933698435,Chrome,Macintosh,desktop
3318240400202817641,Chrome,Macintosh,desktop
835261853962402017,Chrome,Windows,desktop
1183405708492269586,Chrome,Macintosh,desktop
9054991367522580751,Chrome,Android,mobile
0957124016598662665,Chrome,Windows,desktop
8585175393719798471,Chrome,Android,mobile
1723909349418867455,Chrome,Macintosh,desktop
1352184627763482886,Chrome,Macintosh,desktop
8879965876172125518,Chrome,Macintosh,desktop
4421723853101106079,Chrome,Macintosh,desktop
1492217702561732960,Chrome,Windows,desktop
4831806810656894971,Firefox,Macintosh,desktop
7110111563027445389,Chrome,Macintosh,desktop
6288323169575819768,Chrome,Linux,desktop
7298538238612725446,Safari,iOS,mobile
5747223272231686932,Chrome,Android,mobile
3634155159894530540,Chrome,Linux,desktop
9425872524748709682,Chrome,Windows,desktop
0913627188881033241,Chrome,Macintosh,desktop
7533805118137456529,Chrome,Macintosh,desktop
2706234469572620246,Chrome,Windows,desktop
5170796697724154592,Chrome,Chrome OS,desktop
7077911844453000726,Chrome,Macintosh,desktop
6787843339759445862,Chrome,Macintosh,desktop
2821399818599619907,Chrome,Macintosh,desktop
4415481794449507521,Chrome,Macintosh,desktop
759030695331234675,Chrome,Macintosh,desktop
1330052349357162314,Chrome,Macintosh,desktop
5800900099410986003,Chrome,Macintosh,desktop
3330738802699065081,Chrome,Windows,desktop
2111179064713208280,Chrome,Linux,desktop
0959147575305606864,Chrome,Macintosh,desktop
2452888129343523931,Chrome,Android,mobile
8802933683938257671,Chrome,iOS,tablet
505690627766188392,Chrome,Windows,desktop
8644414483864627655,Chrome,Macintosh,desktop
2047874584272208283,Chrome,Macintosh,desktop
138537716219788506,Chrome,Macintosh,desktop
9847625927626901147,Chrome,Macintosh,desktop
3907770685196037697,Chrome,Chrome OS,desktop
5961761097538346074,Chrome,Windows,desktop
5404227027418054953,Chrome,Macintosh,desktop
4258053097075989576,Safari,Macintosh,desktop
3935754171050797809,Chrome,Android,mobile
0533043126087723849,Firefox,Windows,desktop
5491202478171376258,Chrome,Android,mobile
9377639114402198049,Chrome,Macintosh,desktop
2976178532750719771,Chrome,Windows,desktop
1887525536715312831,Chrome,Android,mobile
4151172324885744289,Chrome,Windows,desktop
0401568549668876404,Safari,Macintosh,desktop
1889240718310950469,Chrome,Linux,desktop
2703368790658666184,Firefox,Windows,desktop
9268008200873581059,Chrome,Windows,desktop
3026163435419099099,Chrome,Android,mobile
0946568304929736127,Chrome,Macintosh,desktop
2331572485952025433,Chrome,Macintosh,desktop
8158003312239603025,Chrome,Windows,desktop
1074012291655531532,Chrome,Windows,desktop
925629734318379812,Chrome,Chrome OS,desktop
0341319689353253851,Chrome,Windows,desktop
1605625902271121000,Firefox,Windows,desktop
0116436763018562710,Chrome,Linux,desktop
000722514342430295,Internet Explorer,Windows,mobile
8319899131077539989,Safari,iOS,mobile
2317143886543006089,Safari,iOS,mobile
9782559705146002237,Chrome,Macintosh,desktop
756857572086966774,Chrome,Chrome OS,desktop
7687406337661702709,Chrome,Windows,desktop
925450609847802842,Chrome,Windows,desktop
0161103620003490662,Chrome,Windows,desktop
7718623669497357235,Amazon Silk,Android,tablet
0459084326224596664,Chrome,Macintosh,desktop
7334027332650026089,Chrome,Macintosh,desktop
4572584574023002147,Chrome,Linux,desktop
3444514318939246165,Safari,Macintosh,desktop
7039712579733841787,Chrome,Android,mobile
7503372490716009432,Safari,Macintosh,desktop
9677816246706455875,Chrome,Macintosh,desktop
6444666378259866837,Chrome,Macintosh,desktop
6135774816150725612,Chrome,Windows,desktop
8198513440170816734,Chrome,Chrome OS,desktop
4174673980383629957,Chrome,Macintosh,desktop
2499073159297778675,Chrome,Chrome OS,desktop
6375532442615564447,Chrome,Windows,desktop
4691971393212178659,Chrome,iOS,tablet
1817256435818850257,Chrome,Macintosh,desktop
7815166845235232089,Chrome,Macintosh,desktop
2620481260679179875,Safari,iOS,mobile
8280805974080139588,UC Browser,Android,tablet
494915149919585281,Chrome,Linux,desktop
3997937353086624166,Chrome,Macintosh,desktop
6595734076084637031,Chrome,Chrome OS,desktop
0872675904537373864,Chrome,Macintosh,desktop
3105496268124422764,Chrome,Macintosh,desktop
6401018550057682991,Chrome,Windows,desktop
5655816441964563984,Chrome,Android,mobile
4703900907627844850,Chrome,Windows,desktop
0396486246551917147,Safari,Macintosh,desktop
3269929874874638846,Chrome,Android,tablet
3057842967445471784,Chrome,Windows,desktop
7205449092152064425,Safari,iOS,mobile
9760803449256875420,Chrome,Android,tablet
9282337552638739171,Chrome,Linux,desktop
7335387188572255149,Chrome,Macintosh,desktop
9576613996350682765,Chrome,Macintosh,desktop
4590171872917314050,Chrome,Android,mobile
9966493560312992908,Chrome,Windows,desktop
3126493267998651969,Chrome,Linux,desktop
76744637389790896,Chrome,Linux,desktop
8377004764015899559,Chrome,Android,mobile
7007431728473096243,Safari,iOS,mobile
9152536486803427969,Amazon Silk,Android,tablet
5006195237960872707,Chrome,Windows,desktop
8562504397643086482,Chrome,Windows,desktop
3267289685695286777,Safari,iOS,mobile
6891579531332176887,Chrome,Windows,desktop
3580452052961178709,Chrome,Linux,desktop
0354092695831923417,Chrome,Windows,desktop
5761840295662617853,Chrome,Chrome OS,desktop
5608218146631757534,Chrome,Macintosh,desktop
8354961261344283153,Chrome,Chrome OS,desktop
098821159809198055,Chrome,Windows,desktop
4621003505955733083,Chrome,Macintosh,desktop
5457966268582392647,Chrome,Macintosh,desktop
4081324366412530455,Chrome,Android,mobile
8443152750706781913,Chrome,Windows,desktop
7335387188572255149,Chrome,Macintosh,desktop
9509805417263426377,Safari,iOS,mobile
3747893768799586469,Chrome,Macintosh,desktop
0476336740806624508,Chrome,Android,mobile
6864637730296714893,Chrome,Android,tablet
1625612495467726234,Chrome,Android,mobile
7854260418222913384,Chrome,Windows,desktop
1905929349583388322,Chrome,Macintosh,desktop
3063898855332866361,Chrome,Windows,desktop
5469592340519286418,Safari,iOS,mobile
3662786672553497596,Chrome,Windows,desktop
2363816821838994323,Chrome,Linux,desktop
5716663734226378541,Chrome,Android,mobile
390423349709954340,Internet Explorer,Windows,desktop
4851076560952390809,Chrome,Windows,desktop
2131831853796087522,Safari,iOS,mobile
0174999012345482367,Chrome,Macintosh,desktop
6440320050638782751,Chrome,Windows,desktop
1856749147915772585,Firefox,Windows,desktop
0709272184743066560,Chrome,Chrome OS,desktop
8237595922099299023,Chrome,Macintosh,desktop
7451681150246556439,Chrome,Windows,desktop
0593150394512575588,Chrome,Windows,desktop
3130645655077179934,Chrome,Windows,desktop
2343977100441805952,Chrome,Linux,desktop
2276230046118857151,Chrome,Linux,desktop
8344032354768501869,Chrome,Macintosh,desktop
3522280126516023952,Chrome,Windows,desktop
3910500230136916660,Safari,Macintosh,desktop
6744697227424119304,Chrome,Windows,desktop
6211934679344931624,Chrome,Windows,desktop
1749128084828375108,Chrome,Android,mobile
0212479256983706107,Safari,iOS,mobile
8590555186939402677,Internet Explorer,Windows,desktop
0553598010587869756,Chrome,Chrome OS,desktop
603373162136570069,Chrome,Windows,desktop
2586654881267402138,Chrome,Android,mobile
1750514406451146951,Chrome,Macintosh,desktop
6828760778804376817,Safari,iOS,mobile
593607024576642131,Chrome,Chrome OS,desktop
2215681073032687184,Chrome,Macintosh,desktop
8719072487533399733,Chrome,Macintosh,desktop
2549728492461833238,Chrome,Android,mobile
9878962654812700271,Chrome,Windows,desktop
636466535079841240,Chrome,Macintosh,desktop
2820652514257258467,Chrome,Windows,desktop
2511766854857818700,Chrome,Macintosh,desktop
5700972772870493639,Chrome,Android,mobile
7027129382380641443,Chrome,Macintosh,desktop
1292918695745531394,Chrome,Windows,desktop
6847217672772231661,Chrome,Windows,desktop
6926161835587768681,Chrome,Macintosh,desktop
762295638846925704,Firefox,Windows,desktop
1757409464136963580,Chrome,Android,mobile
0167277143072555656,Chrome,Macintosh,desktop
8583756899584588368,Chrome,Macintosh,desktop
9518384605133293021,Chrome,Linux,desktop
0413919359640783978,Chrome,Android,mobile
2889377910436375292,Chrome,Linux,desktop
4724930710879594248,Chrome,Windows,desktop
4199367541035485910,Safari,iOS,mobile
987914185693056506,Chrome,Windows,desktop
0901040675559923659,Chrome,Windows,desktop
3884791411084599214,Chrome,Macintosh,desktop
5773173424977778287,Chrome,Macintosh,desktop
798691020264746304,Safari,Macintosh,desktop
6366316989927168370,Chrome,Linux,desktop
5541567883792921967,Chrome,Macintosh,desktop
5760753352577829144,Chrome,Linux,desktop
3907770685196037697,Chrome,Chrome OS,desktop
8505854664680870109,Chrome,Windows,desktop
258194871216000308,Chrome,Android,mobile
5761840295662617853,Chrome,Chrome OS,desktop
9159285916228638348,Chrome,Macintosh,desktop
9116763220411859349,Chrome,Windows,desktop
0813074379715507848,Chrome,Android,mobile
3881791618115740942,Chrome,Macintosh,desktop
5705587814808849172,Chrome,Macintosh,desktop
6295937732413829157,Safari,Macintosh,desktop
8741658912440878935,Chrome,Macintosh,desktop
2775333805699294537,Chrome,Windows,desktop
2213319842456651432,Safari,Macintosh,desktop
1856237131266550302,Chrome,Linux,desktop
5604003575246779979,Chrome,Linux,desktop
8542570651342039948,Chrome,Windows,desktop
174711949982221362,Chrome,Linux,desktop
2310283151871955061,Chrome,Macintosh,desktop
0513367219376405875,Chrome,Linux,desktop
4241418287933709447,Chrome,Linux,desktop
2506112552623796443,Chrome,Linux,desktop
1094601935519168096,Chrome,Macintosh,desktop
7192936906150446002,Chrome,Linux,desktop
1982922306734736460,Chrome,Android,mobile
3625388336199393256,Firefox,Windows,desktop
7455063974124636385,Chrome,iOS,tablet
5187671474409178153,Chrome,Android,mobile
4697674744990809143,Chrome,Macintosh,desktop
3638103956107835422,Chrome,Macintosh,desktop
689975324856739942,Chrome,Macintosh,desktop
1219325807742188295,Chrome,Macintosh,desktop
0015694432801235877,Chrome,Macintosh,desktop
5324270365925211209,Chrome,Macintosh,desktop
7314017156048253837,Chrome,Macintosh,desktop
7533805118137456529,Chrome,Macintosh,desktop
758577373703531857,Chrome,Macintosh,desktop
4295023008719306245,Chrome,Windows,desktop
0824646283836949461,Chrome,Linux,desktop
0832322939999728199,Chrome,Linux,desktop
7348043856224640094,Firefox,Windows,desktop
3907770685196037697,Chrome,Chrome OS,desktop
1677406339586950802,Safari,Macintosh,desktop
0403454456389348844,Chrome,Macintosh,desktop
9868339371386523708,Chrome,iOS,mobile
7108681342006406745,Chrome,Macintosh,desktop
6426372536562896996,Chrome,Android,mobile
3058241021846504096,Chrome,Android,mobile
373784500636702964,Chrome,Android,mobile
9795143290551478465,Chrome,Macintosh,desktop
5923605856827327918,Chrome,Macintosh,desktop
0981575239309066644,Chrome,Android,mobile
1626716998556233354,Chrome,Chrome OS,desktop
3661163348027738918,Chrome,Windows,desktop
8131745029417163398,Safari,iOS,mobile
5457341708050484439,Chrome,Macintosh,desktop
0690330955242089309,Chrome,Chrome OS,desktop
4488234939678302618,Chrome,Linux,desktop
8041179583157231807,Chrome,Macintosh,desktop
2694708692574296124,Chrome,Linux,desktop
3444514318939246165,Safari,Macintosh,desktop
5228340108314802662,Chrome,Windows,desktop
2882577556953103385,Chrome,Windows,desktop
7205403425666018308,Firefox,Macintosh,desktop
0161103620003490662,Chrome,Windows,desktop
23423439498373464,Chrome,Windows,desktop
3936844640958989282,Chrome,Windows,desktop
0341319689353253851,Chrome,Windows,desktop
2327929995090924019,Chrome,Macintosh,desktop
6800613735805802605,Chrome,Linux,desktop
105918627300418509,Safari,iOS,mobile
4798058133221713505,Chrome,Windows,desktop
5836331037143212564,Chrome,Linux,desktop
96828372717775055,Chrome,Android,mobile
7577555488698756006,Chrome,Macintosh,desktop
1599273251148489928,Chrome,Windows,desktop
5188974751841750198,Chrome,Windows,desktop
7275493482741180809,Chrome,Macintosh,desktop
326713960184415917,Chrome,Android,mobile
5719519864455942687,Safari,iOS,mobile
1003838192988579723,Edge,Windows,desktop
606435179693837147,Chrome,Windows,desktop
0482843755681270604,Chrome,Linux,desktop
4336586112200183177,Chrome,Macintosh,desktop
1630080920415753288,Chrome,Android,mobile
9267974830205623895,Chrome,Macintosh,desktop
4657065526573368452,Chrome,Windows,desktop
9060849750997331558,Firefox,Windows,desktop
5344667959214571153,Chrome,Windows,desktop
2716049628699698602,Safari,iOS,mobile
0261203701989483879,Chrome,Macintosh,desktop
2611645231825416631,Chrome,Windows,desktop
5697982501959734404,Chrome,Android,mobile
9133150929083418260,Chrome,Windows,desktop
7010462500294643960,Chrome,Chrome OS,desktop
1242181467370730486,Chrome,Macintosh,desktop
8708067857860380883,Chrome,Linux,desktop
0121227660543631149,Chrome,Windows,desktop
6526752225691972183,Chrome,Macintosh,desktop
0999951502366886191,Safari,iOS,mobile
759364034746328963,Chrome,Windows,desktop
3608196374724519087,Chrome,Linux,desktop
3320119973962642543,Chrome,Android,mobile
8109664436025857507,Chrome,Chrome OS,desktop
1644562297167206343,Chrome,Windows,desktop
6715732375285289961,Chrome,Windows,desktop
0174999012345482367,Chrome,Macintosh,desktop
1078366177591833433,Safari,iOS,mobile
9082112881592138849,Chrome,Android,mobile
871675557963907195,Chrome,Android,mobile
384088448748841648,Chrome,Macintosh,desktop
9715374816220032822,Safari,iOS,mobile
6446851903014760312,Chrome,Macintosh,desktop
4936144893588506157,Internet Explorer,Windows,desktop
7917704081634641311,Chrome,Macintosh,desktop
807191525675674136,Safari,iOS,mobile
464908394088842997,Chrome,Macintosh,desktop
3016857027452005187,Safari,iOS,tablet
4384582438292594523,Chrome,Android,mobile
4849884385056788691,Chrome,Windows,desktop
9446075047835972433,Chrome,Windows,desktop
4698004949564442325,Chrome,Linux,desktop
1631967168820223837,Chrome,Windows,desktop
665785595149092081,Safari,iOS,mobile
9035306047185052141,Chrome,Windows,desktop
8271170844108113200,Chrome,Macintosh,desktop
3823831209442004233,Chrome,Linux,desktop
1967121593241172100,Chrome,Macintosh,desktop
7866774640817178857,Chrome,Linux,desktop
7765335078471845903,Chrome,Macintosh,desktop
2371112886977263623,Chrome,Macintosh,desktop
4851694972796487097,Chrome,Linux,desktop
9993204973689965101,Chrome,Android,tablet
079785550312480399,Safari,iOS,mobile
843306899918749327,Chrome,Macintosh,desktop
3754515888221881941,Chrome,Linux,desktop
9650541762607480820,Chrome,Windows,desktop
6748817685338407600,Chrome,Macintosh,desktop
2296933856601873056,Internet Explorer,Windows,desktop
1033366144628740081,Chrome,Macintosh,desktop
7438743588318957122,Chrome,Windows,desktop
6394831228618183658,Chrome,Chrome OS,desktop
0437273981466271229,Chrome,Macintosh,desktop
4116055325627256034,Chrome,Macintosh,desktop
9743544249024499762,Chrome,Macintosh,desktop
0628708827036512143,Chrome,Macintosh,desktop
4701185974045728607,Chrome,Windows,desktop
8567974717569039751,Chrome,Macintosh,desktop
0382398254804709368,Chrome,Android,mobile
3369132208689322709,Chrome,Windows,desktop
057665938225418659,Chrome,Android,mobile
6294498685685853129,Chrome,Windows,desktop
4534107900812583124,Chrome,Android,mobile
1723981563106392466,Chrome,Macintosh,desktop
9220733487783253932,Chrome,Chrome OS,desktop
504527166889560577,Chrome,Macintosh,desktop
4384990792205822883,Firefox,Macintosh,desktop
1106555359375998536,Chrome,Macintosh,desktop
0541415792766009896,Chrome,iOS,mobile
1739823917347946740,Safari,Macintosh,desktop
350616841177147864,Chrome,Windows,desktop
2217418288172715379,Chrome,Macintosh,desktop
2478708775280238505,Chrome,Windows,desktop
7103321195030738247,Chrome,Linux,desktop
5106315619134282281,Chrome,Windows,desktop
3608467442254520408,Safari,Macintosh,desktop
7138879142579197491,Chrome,Macintosh,desktop
5117883250816491401,Chrome,Linux,desktop
9377768468469703794,Chrome,Android,mobile
2972472695838198418,Chrome,Macintosh,desktop
9065508646546984599,Chrome,Windows,desktop
5240826968570680211,Chrome,Android,mobile
7056870819058799369,Chrome,Chrome OS,desktop
481136536823294889,Chrome,Windows,desktop
3936844640958989282,Chrome,Windows,desktop
3890853151729449223,Chrome,Chrome OS,desktop
7051718074744690705,Chrome,Linux,desktop
7661113009266719556,Chrome,Macintosh,desktop
8844262168616364981,Chrome,Macintosh,desktop
368977670377176571,Chrome,Linux,desktop
7426174364050388533,Chrome,Macintosh,desktop
5946672336805397304,Chrome,Windows,desktop
2775333805699294537,Chrome,Windows,desktop
1669777926634508233,Safari,Macintosh,desktop
8346614539128137085,Chrome,Macintosh,desktop
2115386512530006397,Chrome,Macintosh,desktop
7708575291679364151,Chrome,Macintosh,desktop
3067333294832179853,Chrome,Linux,desktop
6030957980134486247,Chrome,Windows,desktop
6170265019437280323,Firefox,Macintosh,desktop
2652098492843037268,Chrome,Linux,desktop
7970801744441139347,Chrome,Windows,desktop
1403632269796083949,Chrome,Macintosh,desktop
5530732783475247643,Chrome,Chrome OS,desktop
6932408648900988870,Chrome,Windows,desktop
9358167394549270312,Chrome,Windows,desktop
4424921723551438567,Safari,Macintosh,desktop
1343892784443318387,Safari,iOS,tablet
172600853716850454,Chrome,Macintosh,desktop
7512789166007226631,Safari,Macintosh,desktop
8207362494606500607,Safari,iOS,mobile
711432706839362141,Chrome,Macintosh,desktop
0750611892691038410,Chrome,Macintosh,desktop
5540991611284577933,Chrome,Macintosh,desktop
7002235067002565049,Edge,Windows,desktop
8438615943594533815,Chrome,Macintosh,desktop
8303744919817460764,Chrome,Chrome OS,desktop
8640435391065630517,Chrome,Android,mobile
4890594302415608916,Safari,iOS,mobile
5759903822809248402,Safari,iOS,tablet
8782513642833614098,Chrome,Windows,desktop
1924553142818813976,Chrome,Macintosh,desktop
0161103620003490662,Chrome,Windows,desktop
3709999704956265072,Chrome,Linux,desktop
7816450317892721085,Chrome,Windows,desktop
9883000500364208923,Chrome,Macintosh,desktop
211067802416163706,YaBrowser,Windows,desktop
3047968373711472876,Chrome,Chrome OS,desktop
3452302189809534579,Chrome,Macintosh,desktop
3738755573768380864,Safari,iOS,mobile
5267883768915568721,Chrome,Macintosh,desktop
1302490964849403553,Chrome,Windows,desktop
2795402033797871386,Chrome,Macintosh,desktop
0609326100006985856,Safari,iOS,mobile
109478348209300995,Edge,Windows,desktop
0887754557131989783,Chrome,Macintosh,desktop
3347789288868084300,Chrome,Macintosh,desktop
4941770276769705740,Chrome,Macintosh,desktop
9678469301590366177,Chrome,Macintosh,desktop
185886403613744695,Chrome,Windows,desktop
0667801358610608122,Chrome,Android,mobile
4184527786990826304,Chrome,Chrome OS,desktop
6091498163535424271,Chrome,Macintosh,desktop
6257871557133780030,Chrome,Windows,desktop
1076513025655678778,Chrome,Chrome OS,desktop
31490038171426725,Chrome,Windows,desktop
1662833536389293085,Chrome,Chrome OS,desktop
001747219368939605,Chrome,Windows,desktop
4758564487125779949,Chrome,Macintosh,desktop
6519373117236859321,Chrome,Windows,desktop
5129303495459541871,Chrome,Macintosh,desktop
6203401114057579951,Chrome,Chrome OS,desktop
0451515753972272081,Firefox,Macintosh,desktop
3606096616141145329,Edge,Windows,desktop
1504442874052757742,Chrome,Macintosh,desktop
7781987324145448581,Chrome,Chrome OS,desktop
8144887345147571750,Chrome,Macintosh,desktop
5719213140589922004,Chrome,Macintosh,desktop
4539850635972033953,Chrome,Windows,desktop
7803172593096160119,Chrome,Android,mobile
4254077777097557601,Chrome,Windows,desktop
024133145794646739,Chrome,Android,tablet
4061386306679952654,Chrome,Macintosh,desktop
9485654033951448587,Chrome,Windows,desktop
4943724707143454002,Chrome,Macintosh,desktop
5490488281230795745,Chrome,Windows,desktop
2620481260679179875,Safari,iOS,mobile
5028358764893417263,Chrome,Macintosh,desktop
8207362494606500607,Safari,iOS,mobile
432198110923477013,Chrome,Macintosh,desktop
8436426603099391262,Chrome,Macintosh,desktop
0928429216085865673,Chrome,iOS,tablet
4119670571587062780,Chrome,Windows,desktop
4631129802514106099,Chrome,Macintosh,desktop
5963471621704219473,Chrome,Macintosh,desktop
0384873228921337077,Chrome,Macintosh,desktop
0538499578496971765,Chrome,iOS,mobile
5946672336805397304,Chrome,Windows,desktop
6705441060490938466,Firefox,Macintosh,desktop
5563168194966233133,Chrome,Macintosh,desktop
7614028868724779177,Chrome,Linux,desktop
6027268712782791947,Chrome,Chrome OS,desktop
1757074615507989305,Safari,iOS,mobile
1426533350286376573,Internet Explorer,Windows,desktop
1434758333813758523,Chrome,Chrome OS,desktop
0142252774383219183,Safari,iOS,mobile
3541862731321042694,Chrome,Windows,desktop
9156455213751523745,Internet Explorer,Windows,desktop
9050768044570669553,Chrome,Linux,desktop
7989405066712798604,Chrome,Linux,desktop
757866699721746847,Chrome,Macintosh,desktop
6002047819048640977,Chrome,Windows,desktop
0179506031131180789,Chrome,Android,mobile
0701601838005591363,Chrome,Windows,desktop
4419590405185162444,Safari,Macintosh,desktop
0933710902214034131,Chrome,Linux,desktop
1468560120795000800,Chrome,Macintosh,desktop
4061386306679952654,Chrome,Macintosh,desktop
5563168194966233133,Chrome,Macintosh,desktop
4685798131908550257,Firefox,Macintosh,desktop
6674217049538832068,Chrome,Windows,desktop
4913278259301843820,Chrome,Macintosh,desktop
0562740026866245032,Chrome,Linux,desktop
14525157151262675,Chrome,Macintosh,desktop
9485064159036036847,Chrome,Linux,desktop
77798030145473969,Chrome,Chrome OS,desktop
5588534024978390342,Chrome,Windows,desktop
7318547266531531994,Chrome,Android,mobile
895954260133011192,Firefox,Linux,desktop
0288478011259077136,Internet Explorer,Windows,desktop
4887857760389227960,Chrome,Android,mobile
1817256435818850257,Chrome,Macintosh,desktop
4057405536547962178,Chrome,Macintosh,desktop
0350370813631305535,Chrome,Windows,desktop
6027268712782791947,Chrome,Chrome OS,desktop
9048067102444753039,Chrome,Macintosh,desktop
7023410125494623482,Chrome,Macintosh,desktop
2125540555068339394,Chrome,Chrome OS,desktop
4568535698206581294,Chrome,Android,mobile
9707737733420214515,Chrome,Windows,desktop
0696773336104767519,Chrome,Macintosh,desktop
7555406992780661514,Safari,Macintosh,desktop
9775616154918189488,Safari,Macintosh,desktop
1723909349418867455,Chrome,Macintosh,desktop
148720899219079299,Chrome,Linux,desktop
055245354538836465,Chrome,Macintosh,desktop
420022292280834469,Chrome,Linux,desktop
4517759381023869053,Chrome,Macintosh,desktop
6440789996634275026,Safari,iOS,mobile
8520115029387302083,Chrome,Chrome OS,desktop
6792260745822342947,Chrome,Macintosh,desktop
0824839726118485274,Chrome,Windows,desktop
8341980690045636440,Chrome,Windows,desktop
4408669591114365400,Chrome,Macintosh,desktop
677752616453244098,Chrome,Android,mobile
9194763958135346715,Chrome,Macintosh,desktop
4780514666369871802,Chrome,Macintosh,desktop
2867503238310507333,Chrome,Windows,desktop
4864654649238141085,Chrome,Macintosh,desktop
0307593432572738176,Chrome,Macintosh,desktop
0346662730910803388,Chrome,Android,tablet
2832082460100825016,Chrome,Linux,desktop
2371112886977263623,Chrome,Macintosh,desktop
413376117696916627,Chrome,Macintosh,desktop
2506112552623796443,Chrome,Linux,desktop
1407445369428897300,Chrome,Android,mobile
1013896044521927115,Chrome,Linux,desktop
1231590494443171080,Chrome,Chrome OS,desktop
6751290259214798595,Chrome,Macintosh,desktop
3213840074316400693,Chrome,Macintosh,desktop
2987126973357946088,Chrome,Macintosh,desktop
9121381417149594223,Safari,Macintosh,desktop
9100993668586456878,Chrome,Windows,desktop
1196132281175677017,Chrome,Macintosh,desktop
2652098492843037268,Chrome,Linux,desktop
6849420071276447389,Safari,Macintosh,desktop
2740683783555632191,Chrome,Macintosh,desktop
3006489767948351126,Chrome,Macintosh,desktop
6332431001963915083,Chrome,Macintosh,desktop
6997692197808690953,Chrome,Macintosh,desktop
9476580765147760573,Chrome,Macintosh,desktop
6485652672428047343,Chrome,Macintosh,desktop
4646087283742071705,Chrome,Macintosh,desktop
4708772765086811667,Safari (in-app),iOS,mobile
9944837330300807508,Chrome,Macintosh,desktop
677752616453244098,Chrome,Android,mobile
5761840295662617853,Chrome,Chrome OS,desktop
0463567805880031157,Safari,iOS,mobile
2976178532750719771,Chrome,Windows,desktop
6569605994631186947,Chrome,Macintosh,desktop
8494338866855383997,Chrome,Linux,desktop
7852962950819420316,Chrome,Chrome OS,desktop
0831511922986457407,Chrome,Macintosh,desktop
5844125218048689474,Safari,Macintosh,desktop
9998597322098588317,Chrome,Macintosh,desktop
5716645943728946584,Safari,iOS,tablet
0872675904537373864,Chrome,Macintosh,desktop
280571682929338005,Chrome,Windows,desktop
776631603054327164,Chrome,Macintosh,desktop
4438472402018450050,Chrome,Linux,desktop
5653158844348284938,Chrome,Chrome OS,desktop
1584447393095121900,Chrome,Windows,desktop
2083311728526721500,Chrome,Macintosh,desktop
9391398872833336270,Chrome,Macintosh,desktop
968561294884812323,Chrome,Windows,desktop
3126493267998651969,Chrome,Linux,desktop
3536417627277338754,Chrome,Windows,desktop
2114379950016755706,Safari,iOS,mobile
4166700707688517424,Chrome,Windows,desktop
3047968373711472876,Chrome,Chrome OS,desktop
9575408914367036152,Chrome,Windows,desktop
7545791097611675575,Chrome,Macintosh,desktop
611686833011451645,Chrome,Macintosh,desktop
6997692197808690953,Chrome,Macintosh,desktop
7551500186331851432,Chrome,Windows,desktop
7589137567725941774,Chrome,Macintosh,desktop
2509714289037323244,Chrome,Macintosh,desktop
4283942788674999975,Safari,iOS,mobile
0482843755681270604,Chrome,Linux,desktop
4166700707688517424,Chrome,Windows,desktop
6447038813466046632,Chrome,Chrome OS,desktop
6137206948447331806,Chrome,Chrome OS,desktop
9256236123428718637,Chrome,Macintosh,desktop
9169315450686147323,Safari,iOS,tablet
7612827560465471201,Chrome,Macintosh,desktop
0824839726118485274,Chrome,Windows,desktop
1992186447841680750,Safari,iOS,mobile
8844262168616364981,Chrome,Macintosh,desktop
5027272465564918559,Chrome,Windows,desktop
5141122398348392100,Chrome,Chrome OS,desktop
603373162136570069,Chrome,Windows,desktop
2788555723243018631,Chrome,Macintosh,desktop
3648006772930968422,Chrome,Windows,desktop
8879965876172125518,Chrome,Macintosh,desktop
3047968373711472876,Chrome,Chrome OS,desktop
899219447794713043,Chrome,Macintosh,desktop
8160942479431419810,Chrome,Macintosh,desktop
0107076854070556530,Chrome,Macintosh,desktop
3884550482186951789,Chrome,Android,mobile
5760753352577829144,Chrome,Linux,desktop
7291346718031890073,Chrome,Macintosh,desktop
6452285658468801695,Chrome,Linux,desktop
7962255080644646828,Chrome,Macintosh,desktop
586253222921981017,Firefox,Windows,desktop
5923605856827327918,Chrome,Macintosh,desktop
5542047417982345824,Chrome,Macintosh,desktop
861704224604980653,Safari,iOS,mobile
8430240768850820716,Chrome,Macintosh,desktop
1468560120795000800,Chrome,Macintosh,desktop
80533986466271934,Chrome,Macintosh,desktop
4186654201396383023,Chrome,Macintosh,desktop
1727250443336990005,Chrome,Windows,desktop
052356344147474292,Chrome,Android,mobile
8844262168616364981,Chrome,Macintosh,desktop
5029127815473896624,Chrome,Macintosh,desktop
3928852209626139730,Safari,Macintosh,desktop
5662025863965519139,Safari,Macintosh,desktop
1604207363880835144,Safari,Macintosh,desktop
7528513440901181253,Safari,Macintosh,desktop
080198934214778432,Chrome,Windows,desktop
1990124622011761658,Chrome,Windows,desktop
7009119803769433580,Safari,Macintosh,desktop
8167395364783512812,Safari,Macintosh,desktop
0351632287593731316,Chrome,Windows,desktop
5971777881107526146,Chrome,Windows,desktop
7107176815464557384,Chrome,Windows,desktop
6624787979965433923,Chrome,Windows,desktop
0309261886834228457,Chrome,Windows,desktop
4697285016335702650,Chrome,Windows,desktop
3129428927447879016,Chrome,Windows,desktop
8579135825292142984,Chrome,Windows,desktop
392266230239681935,Chrome,Windows,desktop
7695901877401090294,Internet Explorer,Windows,desktop
6981996719933297425,Chrome,Windows,desktop
8510984876472239184,Opera,Windows,desktop
1911889996386486443,Chrome,Windows,desktop
6685546903963120796,Safari,Macintosh,desktop
1521456549459630946,Safari,Macintosh,desktop
9046725463977206675,Safari,Macintosh,desktop
144864139337555048,Chrome,Windows,desktop
4608869756418155052,Safari,Macintosh,desktop
1020456285225652038,Chrome,Windows,desktop
0079427215743080908,Safari,Macintosh,desktop
3471645573420610711,Chrome,Windows,desktop
7206985795926437646,Safari,Macintosh,desktop
4505926956620964959,Chrome,Windows,desktop
4763700735431436916,Safari,Macintosh,desktop
8765034809774421925,Chrome,Windows,desktop
9329173529042336568,Chrome,Windows,desktop
4618653279856513109,Safari,Macintosh,desktop
6137637278685153971,Chrome,Windows,desktop
9667093370429187242,Chrome,Windows,desktop
97891891046599615,Safari,Macintosh,desktop
6944032653697399591,Chrome,Windows,desktop
0234145338242275684,Chrome,Windows,desktop
9114775022253027186,Safari,Macintosh,desktop
6252728131985605340,Safari,Macintosh,desktop
4997324725609587630,Chrome,Windows,desktop
6685316593393465538,Safari,Macintosh,desktop
7049621865585024582,Safari,Macintosh,desktop
2918177342033193477,Chrome,Windows,desktop
4483990316616746843,Safari,Macintosh,desktop
0025977935439604602,Safari,Macintosh,desktop
5474821906275306022,Safari,Macintosh,desktop
2111820595965271371,Chrome,Windows,desktop
7026909036409439552,Safari,Macintosh,desktop
0968127761227271876,Chrome,Windows,desktop
7130708741364178397,Safari,Macintosh,desktop
8320453596618144081,Chrome,Windows,desktop
8799198809794781341,Safari,Macintosh,desktop
5154193120534902927,Safari,Macintosh,desktop
4255338625866455517,Safari,Macintosh,desktop
6330455631533399053,Safari,Macintosh,desktop
5990026038672153765,Chrome,Windows,desktop
67536053455160073,Chrome,Windows,desktop
1073138688368742388,Safari,Macintosh,desktop
3790758626611627703,Chrome,Windows,desktop
2940606064926766207,Chrome,Windows,desktop
3479533665270985361,Chrome,Windows,desktop
0836088037097586822,Chrome,Windows,desktop
4214119414676479268,Safari,Macintosh,desktop
858006202985700318,Chrome,Windows,desktop
0442105167270544631,Chrome,Windows,desktop
1969153410958587831,Chrome,Windows,desktop
9099722405227618521,Chrome,Windows,desktop
7487276299534284111,Firefox,Macintosh,desktop
9361209771301584749,Safari,Macintosh,desktop
9464401950735163763,Chrome,Windows,desktop
922574491169744800,Chrome,Windows,desktop
638188587265201583,Firefox,Windows,desktop
6525073043945350608,Safari,Macintosh,desktop
4985318490924606854,Chrome,Windows,desktop
590779558067584205,Safari,Macintosh,desktop
8109792812849376310,Chrome,Windows,desktop
2927889798592152633,Safari,Macintosh,desktop
8283810129441513889,Safari,Macintosh,desktop
7838764341093098574,Chrome,Windows,desktop
8294721032567046680,Chrome,Windows,desktop
9474148307973386621,Chrome,Windows,desktop
1080407219030471072,Safari,Macintosh,desktop
0398361149064215083,Safari,Macintosh,desktop
7760710943954712561,Chrome,Windows,desktop
2037994828532225501,Chrome,Windows,desktop
4481271265454535983,Chrome,Windows,desktop
1676000689866374854,Chrome,Windows,desktop
0976814349643249846,Safari,Macintosh,desktop
9199626523824756303,Chrome,Windows,desktop
8159312408158297118,Chrome,Windows,desktop
8474018216191081000,Safari,Macintosh,desktop
0562186149374769502,Chrome,Windows,desktop
1435025955230028921,Chrome,Windows,desktop
5108196650822287097,Chrome,Windows,desktop
660728468089995881,Chrome,Windows,desktop
5785038159063304723,Chrome,Windows,desktop
7580620353994317249,Chrome,Windows,desktop
3666425205905501769,Chrome,Windows,desktop
9846623940035935960,Safari,Macintosh,desktop
1725308276585330171,Safari,Macintosh,desktop
003651776577235999,Chrome,Windows,desktop
327033764977141463,Opera,Windows,desktop
4046429612995809129,Safari,Macintosh,desktop
9760542832537452668,Chrome,Windows,desktop
5700194191672908760,Safari,Macintosh,desktop
8322568724705327982,Safari,Macintosh,desktop
0633063975475430744,Chrome,Windows,desktop
9436633101493051246,Safari,Macintosh,desktop
8776681126168993881,Safari,Macintosh,desktop
3262223648584960098,Chrome,Macintosh,desktop
6893085242089567829,Safari,Macintosh,desktop
1243079914205311089,Chrome,Windows,desktop
5957423750259408181,Safari,Macintosh,desktop
6100215535001015751,Chrome,Windows,desktop
8595873831425982023,Safari,Macintosh,desktop
1455796843809624433,Firefox,Windows,desktop
2333311944959839885,Chrome,Windows,desktop
8359984296406149602,Chrome,Windows,desktop
6255503582981118208,Safari,Macintosh,desktop
9287478037704157252,Chrome,Windows,desktop
2552900096430822095,Chrome,Windows,desktop
6844963729183856381,Chrome,Windows,desktop
6968098798425025849,Safari,Macintosh,desktop
7689418971224258553,Chrome,Windows,desktop
6046781218313753516,Chrome,Windows,desktop
8164125881176952640,Safari,Macintosh,desktop
5022860852733926495,Chrome,Windows,desktop
1695368345034757303,Chrome,Windows,desktop
625481915509878217,Chrome,Windows,desktop
3883427350764999490,Internet Explorer,Windows,desktop
0657069409429033180,Safari,Macintosh,desktop
2857437502918013493,Chrome,Windows,desktop
6211193132567927423,Chrome,Windows,desktop
3508738339227649691,Chrome,Windows,desktop
1172811687454727418,UC Browser,Linux,desktop
0839628667412633510,Chrome,Windows,desktop
9202201639498308332,Chrome,Windows,desktop
2558540002822570320,Chrome,Chrome OS,desktop
2669245344272380459,Safari,Macintosh,desktop
5813332623556894546,Safari,Macintosh,desktop
5773287559977076020,Firefox,Windows,desktop
7768702082988858382,Chrome,iOS,tablet
1093090588655197774,Safari,Macintosh,desktop
0288239886234913234,Safari,Macintosh,desktop
4451038378553805213,Chrome,Windows,desktop
8016283019267991827,Safari,Macintosh,desktop
8797105134646815597,Safari,Macintosh,desktop
0042083964115225554,Chrome,Windows,desktop
5065430801543460130,Safari,Macintosh,desktop
3053719993562684315,Safari,Macintosh,desktop
9006137764424802037,Chrome,Windows,desktop
3999264289129251252,Chrome,Windows,desktop
2489200758526354134,Chrome,Windows,desktop
0682935748502587819,Safari,Macintosh,desktop
9164186243890725026,Safari,Macintosh,desktop
3616491314110893756,Chrome,Windows,desktop
1339057547270151222,Safari,Macintosh,desktop
3253651853272539416,Chrome,Windows,desktop
9050669933021276168,Chrome,Windows,desktop
2079240571198736666,Chrome,Windows,desktop
2294702657655606625,Chrome,Windows,desktop
3130905289738126983,Chrome,Windows,desktop
887616129624175433,Safari,Macintosh,desktop
6018293379739226020,Chrome,Windows,desktop
1094430802645200451,Iron,Windows,desktop
0682505114244009252,Safari,Macintosh,desktop
1587168278749165650,Safari,Macintosh,desktop
93247117283883434,Chrome,Windows,desktop
555255688725948558,Chrome,Windows,desktop
3078951812687611494,Chrome,Windows,desktop
1822667241141828138,Safari,Macintosh,desktop
7154277987080329679,Chrome,Windows,desktop
9486227257266224600,Chrome,Windows,desktop
4532296965158457303,Opera,Windows,desktop
457214241626610394,Safari,Macintosh,desktop
9475218557205932703,Chrome,Windows,desktop
7504889983163117126,Safari,Macintosh,desktop
3091639795759573425,Chrome,Windows,desktop
9837978791217899377,Chrome,Windows,desktop
6647309909049213206,Safari,Macintosh,desktop
8195001505868396741,Chrome,Windows,desktop
0437133959846345774,Safari,Macintosh,desktop
4929550865690366154,Safari,Macintosh,desktop
1350324852240259946,Chrome,Windows,desktop
7322635117605532717,Chrome,Windows,desktop
4986010567032832644,Chrome,Windows,desktop
7477561702457594445,SeaMonkey,Windows,desktop
24412857959273882,Safari,Macintosh,desktop
9555035232793636463,Safari,Macintosh,desktop
1925176185252781780,Safari,Macintosh,desktop
4308306428440772044,Chrome,Windows,desktop
3024718569748039664,Chrome,Windows,desktop
7184487151673046316,Chrome,Windows,desktop
6654049146734718373,Chrome,Windows,desktop
3051275176717293727,Chrome,Windows,desktop
4929790064757999815,Chrome,Windows,desktop
1495677183247170721,Chrome,Windows,desktop
8296788127614611712,Safari,Macintosh,desktop
3715978902848327513,Safari,Macintosh,desktop
1932210341172383153,Safari,Macintosh,desktop
08799336118134333,Safari,Macintosh,desktop
0450412367579811585,Safari,Macintosh,desktop
5517621353235247073,Chrome,Windows,desktop
5893678746287429244,Safari,Macintosh,desktop
8157902770827064364,Safari,Macintosh,desktop
1709529109999406361,Safari,Macintosh,desktop
5517621353235247073,Chrome,Windows,desktop
8551077271351797351,Chrome,Windows,desktop
7791775244006378690,Safari,Macintosh,desktop
0256969138030150513,Chrome,Windows,desktop
8935864145581700646,Chrome,Windows,desktop
597822212189713615,Safari,Macintosh,desktop
8738857132257941246,Firefox,Windows,desktop
6230901238269019820,Firefox,Windows,desktop
3082948927913895278,Chrome,Windows,desktop
7746278488715410365,Chrome,Windows,desktop
5475484100500416739,Safari,Macintosh,desktop
3648755406707989361,Safari,Macintosh,desktop
0541183904005115502,Chrome,Windows,desktop
9943663531673570065,Chrome,Windows,desktop
3849270960605514919,Safari,Macintosh,desktop
54770852795047271,Chrome,Windows,desktop
7951900688405132460,Safari,Macintosh,desktop
9102741060017752319,Chrome,Windows,desktop
9376975117153658474,Chrome,Windows,desktop
4760235141189252609,Chrome,Windows,desktop
7656587559912403821,Safari,Macintosh,desktop
9021696951412517458,Safari,Macintosh,desktop
8042741146307090456,Safari,Macintosh,desktop
8464773078373632970,Safari,Macintosh,desktop
3419669627861736862,Safari,Macintosh,desktop
0928745519437011970,Chrome,Windows,desktop
513886866110565645,Chrome,Windows,desktop
8774393352842610448,Safari,Macintosh,desktop
4563497354061145469,Chrome,Windows,desktop
2219083861067234848,Safari,Macintosh,desktop
595119749679693320,Chrome,Windows,desktop
5991228058547501344,Safari,Macintosh,desktop
6410673241613222128,Safari,Macintosh,desktop
6613768346308896515,Safari,Macintosh,desktop
6771919507730111732,Chrome,Windows,desktop
4048366522770228816,Chrome,Windows,desktop
1502413680674337747,Firefox,Windows,desktop
8126641317511045537,Safari,Macintosh,desktop
1619872195970328102,Chrome,Windows,desktop
9694501276331431503,Safari,Macintosh,desktop
0014659935183303341,Safari,Macintosh,desktop
2133194745753212880,Safari,Macintosh,desktop
2816859265741542730,Safari,Macintosh,desktop
4429356676245613649,Chrome,Windows,desktop
0287510927831363599,Chrome,Windows,desktop
0384906281804405327,Safari,Macintosh,desktop
0692355001768213534,Chrome,Windows,desktop
2867973540673774992,Chrome,Windows,desktop
1973141857570929749,Safari,Macintosh,desktop
2645609099951382287,Chrome,Windows,desktop
1314497717166228426,Chrome,Windows,desktop
0080760683323142499,LYF_LS_4002_11,(not set),desktop
6000761869466133065,Chrome,Windows,desktop
7470951958509199514,Safari,Macintosh,desktop
7184487151673046316,Chrome,Windows,desktop
3059431403856583524,Chrome,Windows,desktop
2495723586080643308,Chrome,Android,mobile
5378542857601113620,Safari,Macintosh,desktop
0566407148965152958,Safari,Macintosh,desktop
4884455476818280849,Chrome,Windows,desktop
1851976036680654743,Safari,Macintosh,desktop
6708319017967328300,Safari,Macintosh,desktop
5736350478420662495,Edge,Windows,desktop
0111906821496162306,Safari,Macintosh,desktop
8012683933611035744,Safari,Macintosh,desktop
0179101093805446612,Chrome,Windows,desktop
2759203598427661079,Chrome,Windows,desktop
2255577648563142460,Safari,Macintosh,desktop
010194374190315829,Chrome,Windows,desktop
5729477924073780852,Chrome,Windows,desktop
5334700241944481702,Chrome,Windows,desktop
858930805180682097,Safari,Macintosh,desktop
0782782526666082987,Chrome,Windows,desktop
3835585973945783512,Chrome,Windows,desktop
1158938362149036198,Safari,Macintosh,desktop
3022340584412499283,Chrome,Windows,desktop
3086058526760540706,Safari,Macintosh,desktop
9297654036665552990,Chrome,Windows,desktop
9835570265455272338,Chrome,Windows,desktop
0123202277034902712,Safari,Macintosh,desktop
2090456244473009269,Chrome,Windows,desktop
1815355298576516673,Chrome,Windows,desktop
7784757853442651756,Chrome,Windows,desktop
995111825143782124,Chrome,Windows,desktop
1232672009879117944,Safari,Macintosh,desktop
5652022620268624563,Safari,Macintosh,desktop
8069825646783628399,Safari,Macintosh,desktop
8783794487946811714,Chrome,Windows,desktop
1824100406848224588,Safari,Macintosh,desktop
0627106172682736405,Safari,Macintosh,desktop
8197462018776949649,Chrome,Windows,desktop
5372722797469816494,Chrome,Windows,desktop
090388644681259327,Chrome,Windows,desktop
8950752670468470880,Safari,Macintosh,desktop
6256902362089067902,Chrome,Windows,desktop
534090547211274014,Firefox,Linux,desktop
197268420725905111,Chrome,Windows,desktop
5888378395111290244,Chrome,Windows,desktop
311728372018703952,Internet Explorer,Windows,desktop
542056571636185785,Chrome,Windows,desktop
7233056391383603654,Internet Explorer,Windows,desktop
3488053850670143533,Chrome,Android,mobile
3097568124986562087,Chrome,Chrome OS,desktop
1685602050096206247,Safari,iOS,mobile
1623220960837677586,Chrome,Windows,desktop
1333690623776707769,Chrome,Android,mobile
6107229716178617930,Chrome,Macintosh,desktop
3867671661659082968,Chrome,Chrome OS,desktop
6004618674730269918,Chrome,Windows,desktop
7195966922741455630,Safari,Macintosh,desktop
2734810493655863326,Chrome,Windows,desktop
6366316989927168370,Chrome,Linux,desktop
906139263149526246,Safari,iOS,mobile
1221683911086263327,Safari,Macintosh,desktop
2638567429374804927,Chrome,Windows,desktop
7783419426759984284,Safari,Macintosh,desktop
391832147797559559,Chrome,Windows,desktop
8499733145178444169,Chrome,Android,mobile
2664056318278431156,Safari,Macintosh,desktop
0539413992997139766,Chrome,Android,mobile
9944115594178770946,Safari,iOS,tablet
9332940312639228882,Chrome,Windows,desktop
4842874549492287552,Safari,Macintosh,desktop
8231985909853434992,Safari,Macintosh,desktop
4652287826732444235,Chrome,Chrome OS,desktop
1586868266476732175,Internet Explorer,Windows,desktop
6449391852916941365,Safari,Macintosh,desktop
796776238303447639,Chrome,Linux,desktop
476419139818968912,Safari,Macintosh,desktop
2040429609628789402,Chrome,iOS,mobile
4519579316106061221,Safari,Macintosh,desktop
1416501495461232400,Chrome,Windows,desktop
0948227249440399192,Safari,Macintosh,desktop
0233470704323760007,Opera,Linux,desktop
3259411844793303374,Safari,Macintosh,desktop
3652538119409785696,Safari,Macintosh,desktop
7180771470273032233,Chrome,Android,mobile
4597308409158508498,Safari,Macintosh,desktop
1768021879618184521,Chrome,Macintosh,desktop
4125846441958941515,Chrome,Windows,desktop
8347572489346024612,Chrome,Android,mobile
9333275846835376480,Firefox,Windows,desktop
9405012143119882566,Safari,Macintosh,desktop
4652287826732444235,Chrome,Chrome OS,desktop
9234156111722725905,Safari,iOS,tablet
0578484710847149395,Safari,iOS,mobile
8942907331325175738,Chrome,Android,mobile
7272603699024978497,Chrome,Macintosh,desktop
188467669290923231,Chrome,Macintosh,desktop
5186861455885306495,Chrome,Windows,desktop
7204296105950946324,Chrome,Macintosh,desktop
5765613965607610163,Safari,Macintosh,desktop
0975199857190033636,Chrome,Windows,desktop
4052177266351383392,Safari,Macintosh,desktop
1992186447841680750,Safari,iOS,mobile
3483578416163230629,Safari,Macintosh,desktop
3121470346610517012,Safari,Macintosh,desktop
4652287826732444235,Chrome,Chrome OS,desktop
7273185834724919018,Chrome,iOS,tablet
6668699823160749167,Safari,iOS,mobile
2971589585119137431,Chrome,Windows,desktop
4783706315047752370,Safari,Macintosh,desktop
3162605645011029759,Internet Explorer,Windows,desktop
5833561444608362232,Chrome,Windows,desktop
079785550312480399,Safari,iOS,mobile
8884488727640389565,Safari (in-app),iOS,mobile
0512157711741253330,Chrome,Android,tablet
2361382689624783664,Chrome,Windows,desktop
426334503418339249,Chrome,Android,mobile
6336947347957369770,Safari,Macintosh,desktop
364531667078624724,Chrome,Windows,desktop
8807827905511003249,Chrome,Windows,desktop
7180275614450996653,Safari,iOS,mobile
8113673224304423345,Chrome,Windows,desktop
9906757708231207408,Safari,Macintosh,desktop
5020449789759541117,Chrome,Windows,desktop
5220081523633286580,Safari,Macintosh,desktop
1244181925096404728,Firefox,Windows,desktop
4948931523491427211,Internet Explorer,Windows,desktop
4943724707143454002,Chrome,Macintosh,desktop
5408757094730735604,Chrome,Windows,desktop
1338868737448099505,Chrome,Windows,desktop
5216871142837129848,Safari,Macintosh,desktop
6068822397105790135,Chrome,Android,mobile
0512157711741253330,Chrome,Android,tablet
7209704949625703251,Safari,iOS,tablet
6758157348271262903,Internet Explorer,Windows,desktop
5462604146899553341,Chrome,Windows,desktop
5468111842100914639,Chrome,Chrome OS,desktop
7365587847961481243,Safari,Macintosh,desktop
1989078065641173736,Safari,Macintosh,desktop
7702887595038220497,Chrome,Windows,desktop
8523047204257412218,Chrome,Macintosh,desktop
7403418739058603889,Firefox,Windows,desktop
4142792746224821185,Chrome,Windows,desktop
4450011993608795253,Chrome,Android,mobile
9767128755424990396,Chrome,Macintosh,desktop
3424885272218138036,Internet Explorer,Windows,desktop
2023230048919746133,Chrome,Windows,desktop
2450602019453041409,Chrome,Android,mobile
893148638848434176,Chrome,Windows,desktop
2418639785325617071,Chrome,Windows,desktop
1081139066205636478,Safari,Macintosh,desktop
5692101275868168807,Chrome,Windows,desktop
8518736572243003083,Chrome,Macintosh,desktop
7595452521537632742,Chrome,Windows,desktop
1498131993201949523,Safari,iOS,mobile
3083392203472914734,Chrome,Windows,desktop
2282779651086596448,Firefox,Macintosh,desktop
1685602050096206247,Safari,iOS,mobile
8315566408611847400,Chrome,Macintosh,desktop
4005479203420016741,Chrome,Windows,desktop
726716959010194520,Chrome,Macintosh,desktop
7010293814475229513,Safari,Macintosh,desktop
5414445215073031471,Safari,iOS,tablet
155382455717322440,Safari,Macintosh,desktop
5285909961694511050,Chrome,Macintosh,desktop
3204977659528391251,Safari,Macintosh,desktop
1610784985399282869,Safari,Macintosh,desktop
0068219692889395306,Safari,Macintosh,desktop
4652287826732444235,Chrome,Chrome OS,desktop
5628482334003706355,Firefox,Macintosh,desktop
4401382581757781,Chrome,Android,mobile
2676803576343975794,Safari,Macintosh,desktop
1919221904694879983,Safari,Macintosh,desktop
4384864789216760736,Safari,Macintosh,desktop
2636107084457150438,Chrome,Windows,desktop
3126038196679003379,Chrome,Linux,desktop
302697950540819161,Chrome,Linux,desktop
7977960939819997652,Chrome,Windows,desktop
9409735706170093089,Chrome,Windows,desktop
3749537503973982470,Chrome,Macintosh,desktop
7492544341773247322,Safari,Macintosh,desktop
649784964461836294,Safari,Macintosh,desktop
9776692192051678187,Safari,Macintosh,desktop
2973902145014289149,Safari,Macintosh,desktop
4757151207311859905,Safari,Macintosh,desktop
8139772740148979756,Safari,Macintosh,desktop
1725449566279895303,Chrome,Windows,desktop
2308841794297013914,Chrome,Windows,desktop
9503909815703534417,Firefox,Windows,desktop
1308253240518311498,Safari,Macintosh,desktop
9784245170686568780,Safari,Macintosh,desktop
5761600662292757982,Safari,Macintosh,desktop
2798490856916259678,Chrome,Linux,desktop
2863393495106393918,Chrome,Windows,desktop
7633141072508257313,Safari,Macintosh,desktop
1727250443336990005,Chrome,Windows,desktop
0036734869235166970,Chrome,Windows,desktop
9923115678580928474,Safari,iOS,mobile
0634817412526733144,Chrome,Windows,desktop
4475992693303749595,Safari,iOS,mobile
8443152750706781913,Chrome,Windows,desktop
384088448748841648,Chrome,Macintosh,desktop
8430240768850820716,Chrome,Macintosh,desktop
5375690402753857650,Chrome,Windows,desktop
6952119042958975545,Firefox,Windows,desktop
0238278900894838748,Safari,Macintosh,desktop
8585173466315759215,Chrome,Linux,desktop
2497404271902135456,Chrome,Android,mobile
5946672336805397304,Chrome,Windows,desktop
4652287826732444235,Chrome,Chrome OS,desktop
1492602573213666603,Chrome,Macintosh,desktop
6709605006830148657,Chrome,Windows,desktop
861704224604980653,Safari,iOS,mobile
9386916489511923911,Chrome,Android,tablet
3523326200557497005,Chrome,Windows,desktop
9053860080697914688,Chrome,Windows,desktop
9880469203491713273,Chrome,Macintosh,desktop
4652287826732444235,Chrome,Chrome OS,desktop
0965798441866044574,Safari,Macintosh,desktop
6938457584786898565,Chrome,Windows,desktop
9156455213751523745,Internet Explorer,Windows,desktop
7897082449499228899,Chrome,Windows,desktop
9631957696577184381,Chrome,Windows,desktop
0225180756322086961,Safari,Macintosh,desktop
6183112800600231303,Safari,Macintosh,desktop
2488464858794430073,Chrome,Macintosh,desktop
6232830708442381025,Safari,Macintosh,desktop
8864185487518136103,Chrome,Windows,desktop
1007671272242791999,Chrome,Android,mobile
2935188294263182152,Chrome,Windows,desktop
350163692909705652,Chrome,Macintosh,desktop
2797836219124187807,Chrome,Windows,desktop
1194014264023391501,Chrome,Windows,desktop
4539726134771771711,Chrome,Android,mobile
8460830690164908023,Chrome,Windows,desktop
143953260196124648,Safari,iOS,mobile
292215863796392689,Chrome,Windows,desktop
1657243834688898976,Chrome,Windows,desktop
893751538499573956,Chrome,Windows,desktop
8652973185415391602,Safari,Macintosh,desktop
5120984078580018049,Chrome,Windows,desktop
1938701249830982521,Chrome,Windows,desktop
7968659321982517566,Safari,Macintosh,desktop
9919775020461223195,Safari,iOS,tablet
5641813888175115996,Chrome,Chrome OS,desktop
9998494082757181208,Chrome,Windows,desktop
3232063550698301055,Chrome,Android,mobile
2040429609628789402,Chrome,iOS,mobile
8090884101253732531,Chrome,Windows,desktop
769388239918029956,Chrome,Linux,desktop
3779933771588936390,Chrome,Linux,desktop
4246577391598151598,Chrome,Android,tablet
3311149337757194338,Chrome,Windows,desktop
1092278015021050527,Chrome,Windows,desktop
2213191339240555860,Chrome,Macintosh,desktop
1447660470458840050,Chrome,Windows,desktop
7772079039007468977,Safari,iOS,tablet
7394165545362887055,Chrome,Windows,desktop
4408040426075161227,Chrome,Windows,desktop
1110352826809718840,Safari,Macintosh,desktop
4625303162432050331,Safari,Macintosh,desktop
9066503657481474837,Chrome,Windows,desktop
4187677473228128704,Firefox,Windows,desktop
2347241930366920544,Safari,Macintosh,desktop
9573262732534488684,Safari,Macintosh,desktop
5570055668173869692,Opera Mini,(not set),mobile
1709298781580419163,Safari,iOS,mobile
143953260196124648,Safari,iOS,mobile
151583202631753728,Chrome,Windows,desktop
1315737692752879214,Safari,Macintosh,desktop
4991561811018569723,Chrome,Windows,desktop
8842322787175138234,Chrome,Macintosh,desktop
2873642522152808731,Chrome,Windows,desktop
5403925969319345361,Safari,Macintosh,desktop
4578640586284138624,Internet Explorer,Windows,desktop
5202567874210594297,Chrome,Chrome OS,desktop
6554972514486895793,Chrome,iOS,mobile
3248367829168596609,Chrome,Macintosh,desktop
9432675398065035916,Chrome,Windows,desktop
5651861763705720283,Chrome,Windows,desktop
2169084821001691064,Safari,Macintosh,desktop
711432706839362141,Chrome,Macintosh,desktop
6680094089236180217,Chrome,Macintosh,desktop
7965130316907003624,Chrome,Android,mobile
5699405593618370086,Safari,Macintosh,desktop
6850060881061117685,Chrome,Windows,desktop
7221578135604575591,Internet Explorer,Windows,desktop
5055318098307741379,Chrome,Windows,desktop
1685602050096206247,Safari,iOS,mobile
0284225352837835895,Safari,Macintosh,desktop
4703900907627844850,Chrome,Windows,desktop
8265862694719602421,Chrome,Windows,desktop
3061442843679452103,Chrome,Windows,desktop
6953748995972109762,Opera Mini,Android,mobile
5472469664923481625,Safari,Macintosh,desktop
3030113936939242666,Chrome,Macintosh,desktop
4908197409515839782,Safari,Macintosh,desktop
5883538692283076770,Chrome,Windows,desktop
3746959242497212747,Firefox,Windows,desktop
2013012615043078799,Safari,Macintosh,desktop
9837097202588520944,Safari,iOS,tablet
3965109796773872685,Chrome,Macintosh,desktop
2213191339240555860,Chrome,Macintosh,desktop
4850600942134994335,Firefox,Windows,desktop
3693373653741415346,Safari,iOS,mobile
002855959112934473,Chrome,Windows,desktop
3097977841301344292,Safari,Macintosh,desktop
2159622139970106281,Safari,Macintosh,desktop
831529806811845971,Chrome,Macintosh,desktop
6052333928516105307,Chrome,Linux,desktop
5383719560294566090,Safari,Macintosh,desktop
8297839629703521359,Chrome,Windows,desktop
6367267394223441622,Chrome,Windows,desktop
073493434876149875,Internet Explorer,Windows,desktop
0241637905936274121,Chrome,Windows,desktop
7949071502503761007,Safari,Macintosh,desktop
16454217945357461,Chrome,Macintosh,desktop
3563131925654510207,Chrome,Macintosh,desktop
3005621515077986929,Chrome,Android,mobile
7570839752888809028,Firefox,Windows,desktop
3705338764625512665,Chrome,Linux,desktop
7373456526061393285,Safari,Macintosh,desktop
7948761008238376653,Chrome,Windows,desktop
9459384188253198762,Chrome,Windows,desktop
4309210728912777629,Chrome,iOS,mobile
1020318604011294023,Internet Explorer,Windows,desktop
1091402562926705962,Firefox,Windows,desktop
163871097857735731,Opera Mini,(not set),mobile
1925600224127308411,Chrome,Windows,desktop
2883953341277777482,Chrome,Android,mobile
842695415836236209,Chrome,Windows,desktop
6336201826525833700,Safari,iOS,mobile
2297000571387202062,Safari,Macintosh,desktop
2883953341277777482,Chrome,Android,mobile
7294782993191958078,Chrome,Macintosh,desktop
5874622223792422534,Firefox,Windows,desktop
3896017612841392267,Safari,Macintosh,desktop
2898891108701526100,Chrome,Chrome OS,desktop
418865663414800452,Chrome,Macintosh,desktop
4278704657257301492,Chrome,Android,mobile
2530837614427752394,Chrome,Android,mobile
7336111418356994091,Chrome,Windows,desktop
558694916414120794,Chrome,Windows,desktop
4942265173689980027,Chrome,Windows,desktop
2345152707971951989,Chrome,Windows,desktop
4615221069044086746,Chrome,Windows,desktop
0888352802978309784,Chrome,Macintosh,desktop
831529806811845971,Chrome,Macintosh,desktop
5751009969575920290,Chrome,Android,mobile
6790196912687943685,Chrome,Windows,desktop
6918155864256739565,Chrome,iOS,mobile
5076747981380011349,Chrome,Windows,desktop
1996019318296556470,Safari,Macintosh,desktop
6091712405716575101,Safari,Macintosh,desktop
2990657282648176560,Safari,Macintosh,desktop
9851107651996158393,Safari,Macintosh,desktop
6972990228114870168,Chrome,Windows,desktop
7198101287270806110,Chrome,Windows,desktop
4109437900902312096,Safari,Macintosh,desktop
0483345007930710185,Chrome,Windows,desktop
4827471780080211387,Safari,Macintosh,desktop
3829608467688460896,Safari,Macintosh,desktop
1864283431927160986,Chrome,Windows,desktop
555255688725948558,Chrome,Windows,desktop
5916967136802979782,Chrome,Windows,desktop
3018790778434377447,Internet Explorer,Windows,desktop
5124363637038569400,Chrome,Windows,desktop
3518866559420072651,Safari,Macintosh,desktop
8105685042100471238,Safari,Macintosh,desktop
5507371724173191924,Safari,Macintosh,desktop
773380786527880541,Safari,Macintosh,desktop
2124123299417531922,Chrome,Windows,desktop
1176904343856971981,Chrome,Windows,desktop
0030653393617659458,Chrome,Windows,desktop
3764926612197340903,Safari,Macintosh,desktop
7052983012537569190,Safari,Macintosh,desktop
8679175805931046943,Safari,Macintosh,desktop
1308892609838770664,Safari,Macintosh,desktop
7926327538769640111,Safari,Macintosh,desktop
3649768904137963114,Chrome,Windows,desktop
5294920588848318216,Chrome,Windows,desktop
3873612752714524710,Safari,Macintosh,desktop
4962655910256254391,Chrome,Windows,desktop
2869207996367737555,Chrome,Windows,desktop
5479291990205277,Chrome,Windows,desktop
425363421029532836,Chrome,Windows,desktop
0793894714334414573,Chrome,Linux,desktop
1161341769746810719,Opera,Windows,desktop
6787977083055740493,Chrome,Windows,desktop
596434846461499945,Chrome,Windows,desktop
7042391147528588088,Chrome,Windows,desktop
7133602605072127950,Chrome,Windows,desktop
6596829540463051846,Chrome,Windows,desktop
7447285778026883579,Chrome,Windows,desktop
419096398455299755,Chrome,Windows,desktop
3075297424114413471,Chrome,Windows,desktop
8159312408158297118,Chrome,Windows,desktop
4261104097533511742,Safari,Macintosh,desktop
5817604312711965479,Safari,Macintosh,desktop
9637317595550049769,Chrome,Linux,desktop
7451681150246556439,Chrome,Windows,desktop
7530835025978047273,Safari,Macintosh,desktop
4892918202164561067,Chrome,Macintosh,desktop
8613727815538479931,Chrome,Macintosh,desktop
1314991181138104250,Chrome,Macintosh,desktop
5542047417982345824,Chrome,Macintosh,desktop
5832702976406493104,Chrome,Android,mobile
2968198904310902260,Chrome,Windows,desktop
8155914168070068086,Chrome,Android,mobile
2499073159297778675,Chrome,Chrome OS,desktop
9633499195063618864,Chrome,iOS,mobile
8247388453936975366,Chrome,Macintosh,desktop
8270598933384562992,Chrome,Macintosh,desktop
0956308009791911590,Chrome,Linux,desktop
4361310420645778849,Safari,Macintosh,desktop
4002784612033726366,Chrome,Windows,desktop
5321880453602324370,Chrome,Windows,desktop
1314991181138104250,Chrome,Macintosh,desktop
9193725702802112646,Safari,iOS,mobile
5163629098760825850,Safari,iOS,mobile
3016447689917861550,Chrome,Macintosh,desktop
2352141078371657771,Chrome,Macintosh,desktop
3973062960912319313,Chrome,Android,mobile
0512157711741253330,Chrome,Android,tablet
0653204422850739130,Chrome,Macintosh,desktop
4578640586284138624,Internet Explorer,Windows,desktop
9419417742240668408,Safari,Macintosh,desktop
8518736572243003083,Chrome,Macintosh,desktop
993960800413367373,Chrome,iOS,mobile
3511510906428386631,Chrome,Macintosh,desktop
0382398254804709368,Chrome,Android,mobile
4652287826732444235,Chrome,Chrome OS,desktop
1314991181138104250,Chrome,Macintosh,desktop
796776238303447639,Chrome,Linux,desktop
1865917130947753901,Chrome,iOS,mobile
6336201826525833700,Safari,iOS,mobile
138892769269044372,Chrome,Android,mobile
7277518791167475151,Chrome,Windows,desktop
828395773985392863,Chrome,Android,mobile
2876152756735198740,Chrome,iOS,tablet
4689779080679225130,Chrome,Macintosh,desktop
7251030907573266334,Chrome,Windows,desktop
7444154001043657810,Chrome,Windows,desktop
7052423402367562717,Chrome,Windows,desktop
2171803015253400381,Chrome,Macintosh,desktop
5685693302497646755,UC Browser,Android,mobile
8247388453936975366,Chrome,Macintosh,desktop
997132598246769812,Chrome,Windows,desktop
5705587814808849172,Chrome,Macintosh,desktop
5029127815473896624,Chrome,Macintosh,desktop
5029127815473896624,Chrome,Macintosh,desktop
8471858690284145098,Safari,iOS,tablet
3595188488911460764,Safari,Macintosh,desktop
8668489339541549732,Safari,Macintosh,desktop
6960772894161809181,Chrome,Macintosh,desktop
7890522790605033993,Chrome,Linux,desktop
6459195852049791924,Chrome,Windows,desktop
8468695172709026797,Chrome,Android,mobile
569919312322220284,Chrome,Macintosh,desktop
745534609687650923,Safari,Macintosh,desktop
6376223275078772334,Chrome,Windows,desktop
1264182354008543726,Chrome,Windows,desktop
7890522790605033993,Chrome,Linux,desktop
9816358211063157772,UC Browser,Android,mobile
7800303982720483965,YaBrowser,Windows,desktop
2138249057628555204,Chrome,Windows,desktop
0873351456661694382,Chrome,Windows,desktop
4724014961050797892,Chrome,Linux,desktop
1099720071861739539,Safari,iOS,mobile
8396702305614208899,Chrome,Windows,desktop
6841939359011858096,Chrome,Windows,desktop
3608695950774348121,Chrome,Windows,desktop
5631523229004229049,Chrome,Macintosh,desktop
7377104901113732837,Chrome,Macintosh,desktop
685093856498901260,Chrome,Windows,desktop
2571352945100828274,Chrome,Windows,desktop
6492137813042219373,Chrome,Linux,desktop
2763373019862944348,Chrome,Macintosh,desktop
2639618936246660179,Chrome,Macintosh,desktop
45363752238647523,Safari,iOS,mobile
9470014125434090142,Safari,iOS,mobile
5560196043019883828,Chrome,Android,mobile
8825210033101874099,Safari,iOS,mobile
8707130821694195643,Chrome,Android,mobile
2385129494834692962,Chrome,Windows,desktop
1112507988105512057,Chrome,Android,mobile
5783524644793849340,Chrome,Android,mobile
9755167464612856206,Chrome,Windows,desktop
8821893673728116223,Chrome,Macintosh,desktop
7030817022153386326,Chrome,Macintosh,desktop
8561301111881514700,Chrome,Macintosh,desktop
3912300160509220549,Chrome,Linux,desktop
0048779526424910845,Chrome,Macintosh,desktop
8535591044733210611,Chrome,Windows,desktop
1233984196205205270,Chrome,Linux,desktop
0890114017350413002,Chrome,Chrome OS,desktop
3373969394465125539,Firefox,Windows,desktop
1626716998556233354,Chrome,Chrome OS,desktop
5622119904627470425,Chrome,Macintosh,desktop
2767352754546074856,Chrome,Linux,desktop
1159303959044958896,Chrome,Windows,desktop
2898891108701526100,Chrome,Chrome OS,desktop
7298538238612725446,Safari,iOS,mobile
6792260745822342947,Chrome,Macintosh,desktop
2311098311158255548,Chrome,Linux,desktop
5646573463881087411,Chrome,Macintosh,desktop
6421790496910689049,Chrome,Macintosh,desktop
8809191887069011645,Chrome,Macintosh,desktop
3543950983119207807,Internet Explorer,Windows,desktop
7374313930793992626,Chrome,Windows,desktop
9134477516832920376,Chrome,Macintosh,desktop
5446299164547357031,Chrome,Windows,desktop
4531795194219180142,Safari,iOS,mobile
5667050321723560954,Safari,Macintosh,desktop
8710571720716016076,Chrome,Linux,desktop
2615752151504666061,Chrome,Macintosh,desktop
8449642504674588327,Chrome,Windows,desktop
0064274440515862565,Firefox,Windows,desktop
747199723663626460,Safari,iOS,mobile
0429222405901537951,Safari,iOS,mobile
6634595899244493358,Safari,iOS,mobile
6378885939141116855,Safari,iOS,mobile
4433017212064092643,Chrome,Windows,desktop
5999345907278885362,Chrome,Windows,desktop
1065380313069897838,Chrome,Windows,desktop
9035777218447200091,Chrome,Macintosh,desktop
38176613026658222,Chrome,Macintosh,desktop
0482426092828914711,Safari,iOS,mobile
5177274155761679569,Chrome,Macintosh,desktop
1064142968276574826,Chrome,Macintosh,desktop
4530047399880276145,Chrome,Macintosh,desktop
0063860542745733558,Chrome,Chrome OS,desktop
5692660940241926694,Chrome,Linux,desktop
1231590494443171080,Chrome,Chrome OS,desktop
0888352802978309784,Chrome,Macintosh,desktop
2832065648026954185,Chrome,Windows,desktop
9310825606289562783,Chrome,Macintosh,desktop
6137206948447331806,Chrome,Chrome OS,desktop
394725225045196314,Chrome,Windows,desktop
3085396425650556598,Chrome,Macintosh,desktop
2775333805699294537,Chrome,Windows,desktop
37731001180252335,Chrome,Windows,desktop
9617033484006686914,Chrome,Macintosh,desktop
1613869085928837147,Safari,iOS,mobile
2372648582928449946,Chrome,Macintosh,desktop
4309210728912777629,Chrome,iOS,mobile
1112507988105512057,Chrome,Android,mobile
9023992206371203986,Safari,iOS,mobile
5783524644793849340,Chrome,Android,mobile
3065316533128123013,Safari,iOS,tablet
5551132834939072500,Opera,Windows,desktop
336637157127346441,Internet Explorer,Windows,desktop
3884550482186951789,Chrome,Android,mobile
2952540151895889972,Firefox,Macintosh,desktop
164790502418196843,Chrome,Linux,desktop
7747069196916153269,Chrome,Android,mobile
0913838758061745699,Chrome,Linux,desktop
7658202405445752414,Safari,iOS,mobile
5882258963347216049,Chrome,Android,tablet
5121453966155985426,Safari,iOS,mobile
6932408648900988870,Chrome,Windows,desktop
1784134512217740615,Safari,iOS,mobile
1492217702561732960,Chrome,Windows,desktop
1276631666870427430,Safari,Macintosh,desktop
3668803711162394702,Chrome,Macintosh,desktop
6515694903160268646,Safari,iOS,mobile
4022857277036921576,Chrome,Windows,desktop
7612201596061421982,Chrome,Macintosh,desktop
9085218887779640980,Internet Explorer,Windows,desktop
6345117059388722625,Chrome,Macintosh,desktop
519362431810205197,Chrome,Macintosh,desktop
2047874584272208283,Chrome,Macintosh,desktop
0306141257002185315,Chrome,Macintosh,desktop
519362431810205197,Chrome,Macintosh,desktop
519362431810205197,Chrome,Macintosh,desktop
4938551206840866311,Safari,iOS,mobile
3547717276163025378,Safari,iOS,mobile
4049241184747238128,Safari,Macintosh,desktop
1790111996914676794,Chrome,Android,mobile
4428007861318670062,Chrome,Windows,desktop
4688685219584517293,Chrome,Windows,desktop
5793852641351150725,Chrome,Macintosh,desktop
1921805901720598269,Chrome,Chrome OS,desktop
9710270530499631126,Chrome,Macintosh,desktop
8086030903283426090,Firefox,Linux,desktop
1754009007608510350,Chrome,Windows,desktop
2681867759702029281,Chrome,Linux,desktop
0155570241519455322,Chrome,Windows,desktop
1053828258793597684,Firefox,Macintosh,desktop
1039630068425575442,Safari,Macintosh,desktop
039671683621540641,Firefox,Windows,desktop
5151716725909959249,Firefox,Windows,desktop
7624290805116034111,Firefox,Windows,desktop
0019983046037497243,Chrome,Windows,desktop
7092069472105480996,Firefox,Windows,desktop
2622820320799122480,Safari,iOS,mobile
1739823917347946740,Safari,Macintosh,desktop
4761242402881888193,Chrome,Macintosh,desktop
4773809469941024206,Firefox,Windows,desktop
1219325807742188295,Chrome,Macintosh,desktop
1024751686551205649,Chrome,Android,mobile
2550774479005599333,Chrome,Windows,desktop
91490237172189168,Chrome,Android,mobile
0690923971950364732,Safari,iOS,mobile
0877821095982571303,Chrome,Macintosh,desktop
0239608205717854090,Chrome,Android,mobile
1921805901720598269,Chrome,Chrome OS,desktop
0203986763041661843,Chrome,Windows,desktop
4460407620777269094,Chrome,Windows,desktop
4675639381576467176,Safari,Macintosh,desktop
7774603505558745741,Firefox,Macintosh,desktop
1749010407044905351,Chrome,Android,mobile
0944623283834094827,Safari,iOS,mobile
8003180095462219875,Chrome,Android,mobile
7629784540272591367,Firefox,Linux,desktop
2826190005354069899,Safari,iOS,mobile
0423043652415339154,Safari,iOS,mobile
2982415081129763534,Chrome,Android,mobile
3918922672011504821,Chrome,Chrome OS,desktop
7105897662777519249,Internet Explorer,Windows,desktop
6248742189359702187,Chrome,Macintosh,desktop
7416565604470087079,Chrome,Android,mobile
3608475193341679870,Chrome,Windows,desktop
6248742189359702187,Chrome,Macintosh,desktop
1749010407044905351,Chrome,Android,mobile
2430496949275205085,Safari,iOS,mobile
869096201147438807,Safari,iOS,tablet
