fullVisitorID,referralPath,source,medium,isTrueDirect
7194065619159478122,/yt/about/,youtube.com,referral,
8159312408158297118,/yt/about/,youtube.com,referral,true
9236304747882138291,/yt/about/,youtube.com,referral,
1792676004815023069,/yt/about/,youtube.com,referral,
7305625498291809599,/yt/about/,youtube.com,referral,
5378233269828404918,/yt/about/,youtube.com,referral,
5270776363703942229,/yt/about/,youtube.com,referral,
8470886127234408497,/yt/about/,youtube.com,referral,
8861555771453791094,/yt/about/,youtube.com,referral,
8295804655007281109,/yt/about/,youtube.com,referral,
0018526595751613673,/yt/about/,youtube.com,referral,
625481915509878217,/yt/about/,youtube.com,referral,
1374370622285576102,/yt/about/,youtube.com,referral,
0092183247509236158,/yt/about/,youtube.com,referral,
9333094893297665795,/yt/about/,youtube.com,referral,
1621472397271519979,/yt/about/,youtube.com,referral,
0831372147340640012,/yt/about/,youtube.com,referral,
9144533028617712380,/yt/about/,youtube.com,referral,
5345363805648300707,/yt/about/,youtube.com,referral,
8602954012826759505,/yt/about/,youtube.com,referral,
2365782199498528299,/yt/about/,youtube.com,referral,
5636536798768846801,/yt/about/,youtube.com,referral,
8159312408158297118,/yt/about/,youtube.com,referral,true
4993485206334150199,/yt/about/,youtube.com,referral,
0333020190932309428,/yt/about/,youtube.com,referral,
4853490478802253419,/lsr.php,l.facebook.com,referral,
5140493641776291415,/lsr.php,l.facebook.com,referral,
1133489829802371861,/,m.facebook.com,referral,
1730677701874729626,/,facebook.com,referral,
3662205194729528989,/,facebook.com,referral,true
6870422387229180122,/,m.facebook.com,referral,
0794931300984810764,/l.php,facebook.com,referral,true
5160807529212499245,/,facebook.com,referral,
0047614564270023403,/,facebook.com,referral,
6137206948447331806,/,facebook.com,referral,true
5106315619134282281,/,(direct),(none),true
1099720071861739539,,(direct),(none),true
3787134985295919795,,google,organic,true
1343892784443318387,,(direct),(none),true
825509565309716229,,google,organic,true
0486562139346467089,,google,organic,
8743175383102521583,,google,organic,
999700442444678323,,google,organic,true
9035306047185052141,,google,organic,true
8698531054438587635,,google,organic,true
0640111497078551143,,google,cpc,
4530126874298409636,,(direct),(none),true
0344452283390306758,,google,organic,
0382398254804709368,,google,organic,true
8568474718223370752,/,(direct),(none),true
558025075151655343,,google,organic,
5392755432370247158,,google,organic,
3751823672052015547,,(direct),(none),true
9017498520228491211,,(direct),(none),true
8846289716943240767,,google,organic,
6787410765100329612,,(direct),(none),true
3744175328919003297,,google,organic,
6219287332213749748,,google,organic,true
0721240306323694297,,google,cpc,true
3731478369788901995,,google,organic,
0823708422231226277,,(direct),(none),true
8436426603099391262,/,(direct),(none),true
5221215576603815484,,google,organic,true
6981691734539296402,/s/custom_squish,squishable.com,referral,
121295653097861536,,google,organic,
3787134985295919795,,google,organic,
6062692528026913835,/,(direct),(none),true
5820481070166950233,,(direct),(none),true
6202551162320501793,,google,organic,
6359841587657357338,,(direct),(none),true
7545615511078513943,,(direct),(none),true
5882258963347216049,,google,organic,
1188397610560498241,,google,organic,
7009176709240157276,,(direct),(none),true
2869886758561013518,,(direct),(none),true
584186909754430703,,(direct),(none),true
5622119904627470425,,(direct),(none),true
0824839726118485274,,google,organic,true
8675769146751606586,,(direct),(none),true
4904969714374913266,,google,organic,
3970991392089882251,/,(direct),(none),
9872679951861022740,,google,organic,
3463054183716306407,,(direct),(none),true
7275493482741180809,/,(direct),(none),true
6637957997898535918,,(direct),(none),true
6362237262934311328,,(direct),(none),true
9065074234812691512,,google,organic,
9878962654812700271,/,(direct),(none),
5231073281895209426,,(direct),(none),true
6842770750697615080,/intl/tr/permissions/using-the-logo.html,google.com,referral,
9190094819702613002,"/_/scs/mail-static/_/js/k=gmail.main.en.cqVHzFHVDy4.O/m=m_i,t/am=nhGvDGD_3_uDcQ3DgK701brz33--X9J39HKP_0-aAFG9CvTf7P8B_B_oTdso/rt=h/d=1/rs=AHGWq9DPNPOtrzsY1PJCOwHTzASf1PXfog",mail.google.com,referral,
8952006223234542590,,google,organic,
7428592908976647992,,(direct),(none),true
7157626079567895669,,dfa,cpm,true
358293611905184240,,google,organic,
8825722961059493275,,google,organic,
5193965013430455128,/,(direct),(none),true
0793874482369095202,,Partners,affiliate,
1817256435818850257,,google,organic,true
4005605575873365444,/,(direct),(none),true
2509714289037323244,,(direct),(none),true
4642712737855870554,,google,cpc,true
3843819088097691729,,(direct),(none),true
9993178476401172532,,google,organic,
1060857658642961259,,google,organic,
1439150231069374974,,google,cpc,true
674626656635666685,,google,organic,
1368220609907191551,/,(direct),(none),
9682363348505503136,,(direct),(none),true
4890176689513443468,/,(direct),(none),true
8821893673728116223,,google,organic,
2519501167659119738,,google,organic,
9849723138964482903,,(direct),(none),true
3393266984599791046,/,(direct),(none),
6370895626479501172,,(direct),(none),true
4259087156506051404,,google,organic,
7688525234045688740,,google,organic,
494121189234839790,/,(direct),(none),
4652287826732444235,,(direct),(none),true
0127234764050343351,,google,organic,
5166572114676000975,/,(direct),(none),true
80533986466271934,,dfa,cpm,true
2158742461682231369,,(direct),(none),true
8553346870455443503,,google,organic,
834799491548640007,,google,organic,true
4834118369822066721,/,(direct),(none),true
2842895618476559410,,(direct),(none),true
8500478825159566764,,(direct),(none),true
4741032916677179123,,(direct),(none),true
9779770777585916245,,(direct),(none),true
6960772894161809181,,(direct),(none),true
1613869085928837147,,(direct),(none),true
2519663407845424469,,google,organic,
0728735440890222177,,(direct),(none),true
7915917649445719453,,(direct),(none),true
5545865256703329577,/,(direct),(none),
2213191339240555860,/,(direct),(none),true
8779215719666644170,,(direct),(none),true
5173035161858804497,,google,organic,
0242260641211986209,/,(direct),(none),
8132563834178974953,,(direct),(none),true
3907770685196037697,,google,organic,true
8597027410485057111,/,(direct),(none),true
1900406563824931678,,google,organic,
708182136272724140,/,(direct),(none),true
6604767229049497201,/,(direct),(none),
9976748477294164726,,(direct),(none),true
0703071257327430346,/,(direct),(none),
0803766777397114425,,(direct),(none),true
2779366116674268856,,(direct),(none),true
9493249883710631149,,(direct),(none),true
9085218887779640980,,(direct),(none),true
3547717276163025378,,(direct),(none),true
8422029627538180622,/,(direct),(none),
3517720271768758077,,(direct),(none),true
1882401858291805493,/,(direct),(none),
5271693154474208456,/,(direct),(none),true
6579047524938382825,,(direct),(none),true
789678791378176941,,(direct),(none),true
6966646264698722317,,google,organic,
9533571845569362552,,(direct),(none),true
8430240768850820716,/,(direct),(none),true
5310912563447452038,/,(direct),(none),true
579368549092174659,,google,organic,
1076513025655678778,/,(direct),(none),true
7505340672525128933,/,(direct),(none),
406461230962938817,/,(direct),(none),
7270929847039069200,,(direct),(none),true
1978627755211436010,,google,organic,
116992034719575555,,(direct),(none),true
4961413465713332680,,(direct),(none),true
7666394839176567102,,google,organic,
9801276214964695322,,google,organic,true
5014443002776077299,,(direct),(none),true
365594903822101283,,(direct),(none),true
7629784540272591367,,(direct),(none),true
1641476689503533321,,(direct),(none),true
5430848282423196998,,(direct),(none),true
5079847790435547812,,(direct),(none),true
09643929456640790,/,(direct),(none),
8069796630919527574,,(direct),(none),true
3635754152765180885,,(direct),(none),true
0521800236999423025,,google,organic,
1769164681262367221,/intl/es/permissions/using-the-logo.html,google.com.mx,referral,
4356368670265924289,,google,organic,
3142889679741524960,/,(direct),(none),true
4033613882118163102,,google,organic,
0657885132759378144,,(direct),(none),true
4220154440291082400,,google,organic,
6787160235338713122,,(direct),(none),true
9290558425075999936,,google,organic,
2598179390836943384,,(direct),(none),true
4174312721111666274,/,(direct),(none),
2979602448351162096,/,(direct),(none),
6422467164885658062,,(direct),(none),true
1276631666870427430,,google,organic,
0462674042152519432,,google,organic,
4237630977862841427,,google,organic,
8998597645420885788,,(direct),(none),true
4500488192672905042,,(direct),(none),true
4572584574023002147,,(direct),(none),true
5260117902407993152,,(direct),(none),true
3514489728933698435,,(direct),(none),true
3318240400202817641,,(direct),(none),true
835261853962402017,,(direct),(none),true
1183405708492269586,/,(direct),(none),true
9054991367522580751,,google,organic,
0957124016598662665,/,(direct),(none),true
8585175393719798471,,google,cpc,
1723909349418867455,,(direct),(none),true
1352184627763482886,,(direct),(none),true
8879965876172125518,/,(direct),(none),true
4421723853101106079,,google,organic,true
1492217702561732960,,(direct),(none),true
4831806810656894971,,(direct),(none),true
7110111563027445389,,google,organic,true
6288323169575819768,,(direct),(none),true
7298538238612725446,,google,organic,true
5747223272231686932,,google,organic,
3634155159894530540,/,(direct),(none),true
9425872524748709682,,(direct),(none),true
0913627188881033241,,(direct),(none),true
7533805118137456529,,(direct),(none),true
2706234469572620246,,google,organic,
5170796697724154592,,google,organic,true
7077911844453000726,/a/google.com/google-merchandise-store/on-site-store/mountain-view-store,sites.google.com,referral,
6787843339759445862,,google,organic,true
2821399818599619907,/,(direct),(none),
4415481794449507521,,google,organic,
759030695331234675,/,(direct),(none),
1330052349357162314,,(direct),(none),true
5800900099410986003,/,(direct),(none),true
3330738802699065081,/,(direct),(none),
2111179064713208280,/,(direct),(none),
0959147575305606864,,(direct),(none),true
2452888129343523931,,(direct),(none),true
8802933683938257671,,(direct),(none),true
505690627766188392,,google,organic,
8644414483864627655,,google,organic,true
2047874584272208283,,(direct),(none),true
138537716219788506,/,(direct),(none),true
9847625927626901147,,(direct),(none),true
3907770685196037697,,google,organic,
5961761097538346074,,google,organic,
5404227027418054953,,google,organic,
4258053097075989576,,google,organic,
3935754171050797809,,(direct),(none),true
0533043126087723849,,yahoo,organic,
5491202478171376258,,(direct),(none),true
9377639114402198049,,google,organic,
2976178532750719771,,google,organic,true
1887525536715312831,,(direct),(none),true
4151172324885744289,,(direct),(none),true
0401568549668876404,,(direct),(none),true
1889240718310950469,/,(direct),(none),true
2703368790658666184,,(direct),(none),true
9268008200873581059,/,(direct),(none),
3026163435419099099,,google,organic,
0946568304929736127,,(direct),(none),true
2331572485952025433,/,(direct),(none),true
8158003312239603025,/intl/ru/permissions/using-the-logo.html,google.com,referral,
1074012291655531532,,(direct),(none),true
925629734318379812,,(direct),(none),true
0341319689353253851,,(direct),(none),true
1605625902271121000,,google,organic,
0116436763018562710,,(direct),(none),true
000722514342430295,,(direct),(none),true
8319899131077539989,,google,organic,
2317143886543006089,,google,organic,
9782559705146002237,/,(direct),(none),true
756857572086966774,/,(direct),(none),true
7687406337661702709,,(direct),(none),true
925450609847802842,,google,organic,true
0161103620003490662,,google,cpc,true
7718623669497357235,,google,organic,
0459084326224596664,,(direct),(none),true
7334027332650026089,,dfa,cpm,true
4572584574023002147,/,(direct),(none),
3444514318939246165,,google,organic,true
7039712579733841787,/permissions/using-the-logo.html,google.com,referral,
7503372490716009432,,google,organic,true
9677816246706455875,,google,organic,
6444666378259866837,/,(direct),(none),
6135774816150725612,,(direct),(none),true
8198513440170816734,/,(direct),(none),
4174673980383629957,,google,organic,
2499073159297778675,,google,organic,
6375532442615564447,,google,organic,
4691971393212178659,,(direct),(none),true
1817256435818850257,,google,organic,true
7815166845235232089,,(direct),(none),true
2620481260679179875,,google,organic,
8280805974080139588,,google,organic,
494915149919585281,/,(direct),(none),
3997937353086624166,,google,organic,
6595734076084637031,,(direct),(none),true
0872675904537373864,/,(direct),(none),true
3105496268124422764,,google,organic,
6401018550057682991,,google,organic,
5655816441964563984,,(direct),(none),true
4703900907627844850,,(direct),(none),true
0396486246551917147,,(direct),(none),true
3269929874874638846,,(direct),(none),true
3057842967445471784,,google,organic,true
7205449092152064425,,(direct),(none),true
9760803449256875420,,google,organic,
9282337552638739171,/,(direct),(none),
7335387188572255149,/,(direct),(none),
9576613996350682765,,(direct),(none),true
4590171872917314050,,google,organic,
9966493560312992908,,(direct),(none),true
3126493267998651969,/,(direct),(none),
76744637389790896,/do/search,startpage.com,referral,
8377004764015899559,,google,organic,true
7007431728473096243,,google,organic,
9152536486803427969,,(direct),(none),true
5006195237960872707,,(direct),(none),true
8562504397643086482,,(direct),(none),true
3267289685695286777,,(direct),(none),true
6891579531332176887,,(direct),(none),true
3580452052961178709,/,(direct),(none),true
0354092695831923417,,(direct),(none),true
5761840295662617853,,google,organic,true
5608218146631757534,,(direct),(none),true
8354961261344283153,/,(direct),(none),true
098821159809198055,,google,organic,true
4621003505955733083,/,(direct),(none),
5457966268582392647,,google,organic,
4081324366412530455,,(direct),(none),true
8443152750706781913,,(direct),(none),true
7335387188572255149,/,(direct),(none),true
9509805417263426377,,(direct),(none),true
3747893768799586469,,(direct),(none),true
0476336740806624508,,google,organic,
6864637730296714893,,(direct),(none),true
1625612495467726234,,(direct),(none),true
7854260418222913384,,(direct),(none),true
1905929349583388322,/,(direct),(none),
3063898855332866361,,(direct),(none),true
5469592340519286418,,(direct),(none),true
3662786672553497596,,google,organic,
2363816821838994323,/,(direct),(none),
5716663734226378541,,Partners,affiliate,
390423349709954340,/url,google.com,referral,
4851076560952390809,,google,organic,
2131831853796087522,,(direct),(none),true
0174999012345482367,/,(direct),(none),true
6440320050638782751,,google,organic,
1856749147915772585,,google,organic,true
0709272184743066560,,google,organic,true
8237595922099299023,/,(direct),(none),
7451681150246556439,,(direct),(none),true
0593150394512575588,,(direct),(none),true
3130645655077179934,,(direct),(none),true
2343977100441805952,/,(direct),(none),
2276230046118857151,/a/google.com/nestlabs/,sites.google.com,referral,true
8344032354768501869,/,(direct),(none),
3522280126516023952,,(direct),(none),true
3910500230136916660,,(direct),(none),true
6744697227424119304,,google,organic,
6211934679344931624,,(direct),(none),true
1749128084828375108,,(direct),(none),true
0212479256983706107,,(direct),(none),true
8590555186939402677,,(direct),(none),true
0553598010587869756,/,(direct),(none),true
603373162136570069,,(direct),(none),true
2586654881267402138,,(direct),(none),true
1750514406451146951,/,(direct),(none),
6828760778804376817,,(direct),(none),true
593607024576642131,,google,organic,true
2215681073032687184,,(direct),(none),true
8719072487533399733,,(direct),(none),true
2549728492461833238,,google,organic,
9878962654812700271,/,(direct),(none),true
636466535079841240,,(direct),(none),true
2820652514257258467,,google,organic,
2511766854857818700,,(direct),(none),true
5700972772870493639,,(direct),(none),true
7027129382380641443,,google,organic,
1292918695745531394,,(direct),(none),true
6847217672772231661,,(direct),(none),true
6926161835587768681,,(direct),(none),true
762295638846925704,,(direct),(none),true
1757409464136963580,,google,organic,
0167277143072555656,/,(direct),(none),
8583756899584588368,/,(direct),(none),
9518384605133293021,/,(direct),(none),
0413919359640783978,,google,organic,true
2889377910436375292,/a/google.com/google-merchandise-store/on-site-store/mountain-view-store,sites.google.com,referral,
4724930710879594248,/,(direct),(none),
4199367541035485910,,google,organic,
987914185693056506,,(direct),(none),true
0901040675559923659,,google,organic,
3884791411084599214,/,(direct),(none),
5773173424977778287,,(direct),(none),true
798691020264746304,/permissions/using-the-logo.html,google.com,referral,
6366316989927168370,,google,organic,
5541567883792921967,/,(direct),(none),true
5760753352577829144,,(direct),(none),true
3907770685196037697,,(direct),(none),true
8505854664680870109,,google,organic,
258194871216000308,,google,organic,
5761840295662617853,,google,organic,true
9159285916228638348,/,(direct),(none),
9116763220411859349,,google,organic,
0813074379715507848,,google,organic,
3881791618115740942,/,(direct),(none),true
5705587814808849172,/,(direct),(none),
6295937732413829157,,google,organic,
8741658912440878935,,(direct),(none),true
2775333805699294537,,(direct),(none),true
2213319842456651432,,google,organic,
1856237131266550302,/,(direct),(none),
5604003575246779979,/,(direct),(none),true
8542570651342039948,,google,organic,
174711949982221362,/,(direct),(none),
2310283151871955061,/,(direct),(none),
0513367219376405875,/,(direct),(none),
4241418287933709447,/,(direct),(none),true
2506112552623796443,/,(direct),(none),true
1094601935519168096,,(direct),(none),true
7192936906150446002,/,(direct),(none),true
1982922306734736460,,google,organic,
3625388336199393256,,google,organic,
7455063974124636385,,google,organic,
5187671474409178153,,(direct),(none),true
4697674744990809143,,google,organic,
3638103956107835422,/,(direct),(none),
689975324856739942,/,(direct),(none),true
1219325807742188295,/,(direct),(none),true
0015694432801235877,,(direct),(none),true
5324270365925211209,,(direct),(none),true
7314017156048253837,,(direct),(none),true
7533805118137456529,,(direct),(none),true
758577373703531857,/,(direct),(none),true
4295023008719306245,,(direct),(none),true
0824646283836949461,,google,organic,
0832322939999728199,/,(direct),(none),
7348043856224640094,,google,organic,
3907770685196037697,,google,organic,true
1677406339586950802,,google,organic,
0403454456389348844,,google,organic,true
9868339371386523708,,(direct),(none),true
7108681342006406745,/,(direct),(none),
6426372536562896996,,google,cpc,true
3058241021846504096,,google,organic,
373784500636702964,,google,organic,
9795143290551478465,/,(direct),(none),
5923605856827327918,,(direct),(none),true
0981575239309066644,,google,organic,
1626716998556233354,/,(direct),(none),true
3661163348027738918,,google,organic,true
8131745029417163398,,(direct),(none),true
5457341708050484439,/,(direct),(none),
0690330955242089309,/,(direct),(none),
4488234939678302618,/,(direct),(none),true
8041179583157231807,,(direct),(none),true
2694708692574296124,/,(direct),(none),
3444514318939246165,,google,organic,true
5228340108314802662,,google,organic,
2882577556953103385,,google,organic,
7205403425666018308,,yahoo,organic,
0161103620003490662,,google,cpc,true
23423439498373464,,google,organic,
3936844640958989282,,google,organic,true
0341319689353253851,,(direct),(none),true
2327929995090924019,/,(direct),(none),true
6800613735805802605,,(direct),(none),true
105918627300418509,,google,organic,
4798058133221713505,,google,organic,
5836331037143212564,,(direct),(none),true
96828372717775055,,(direct),(none),true
7577555488698756006,/,(direct),(none),
1599273251148489928,,google,organic,
5188974751841750198,,google,organic,
7275493482741180809,/,(direct),(none),
326713960184415917,,(direct),(none),true
5719519864455942687,,(direct),(none),true
1003838192988579723,,(direct),(none),true
606435179693837147,,(direct),(none),true
0482843755681270604,/,(direct),(none),true
4336586112200183177,,(direct),(none),true
1630080920415753288,,(direct),(none),true
9267974830205623895,,google,organic,
4657065526573368452,,google,organic,
9060849750997331558,,(direct),(none),true
5344667959214571153,,(direct),(none),true
2716049628699698602,,google,organic,
0261203701989483879,,(direct),(none),true
2611645231825416631,,google,organic,
5697982501959734404,,(direct),(none),true
9133150929083418260,,google,organic,
7010462500294643960,/,(direct),(none),
1242181467370730486,/,(direct),(none),true
8708067857860380883,/,(direct),(none),true
0121227660543631149,,(direct),(none),true
6526752225691972183,/,(direct),(none),true
0999951502366886191,,(direct),(none),true
759364034746328963,,google,organic,
3608196374724519087,,google,organic,
3320119973962642543,/permissions/using-the-logo.html,google.com,referral,
8109664436025857507,,(direct),(none),true
1644562297167206343,,google,organic,
6715732375285289961,,google,organic,
0174999012345482367,/,(direct),(none),
1078366177591833433,,(direct),(none),true
9082112881592138849,,google,organic,
871675557963907195,,google,organic,
384088448748841648,/a/google.com/google-merchandise-store/on-site-store/mountain-view-store,sites.google.com,referral,
9715374816220032822,,google,organic,
6446851903014760312,/,(direct),(none),
4936144893588506157,,google,organic,
7917704081634641311,/,(direct),(none),true
807191525675674136,,(direct),(none),true
464908394088842997,/,(direct),(none),true
3016857027452005187,,google,organic,
4384582438292594523,,(direct),(none),true
4849884385056788691,,google,organic,
9446075047835972433,,(direct),(none),true
4698004949564442325,,(direct),(none),true
1631967168820223837,,google,organic,
665785595149092081,,google,organic,
9035306047185052141,,google,organic,true
8271170844108113200,/,(direct),(none),true
3823831209442004233,/,(direct),(none),true
1967121593241172100,/,(direct),(none),
7866774640817178857,/,(direct),(none),true
7765335078471845903,/,(direct),(none),
2371112886977263623,/,(direct),(none),true
4851694972796487097,/,(direct),(none),
9993204973689965101,,google,organic,true
079785550312480399,,(direct),(none),true
843306899918749327,/,(direct),(none),
3754515888221881941,/,(direct),(none),true
9650541762607480820,/,(direct),(none),true
6748817685338407600,,google,organic,true
2296933856601873056,,(direct),(none),true
1033366144628740081,/,(direct),(none),
7438743588318957122,,(direct),(none),true
6394831228618183658,/,(direct),(none),
0437273981466271229,/,(direct),(none),
4116055325627256034,/,(direct),(none),
9743544249024499762,,(direct),(none),true
0628708827036512143,/,(direct),(none),
4701185974045728607,/,(direct),(none),true
8567974717569039751,,(direct),(none),true
0382398254804709368,,(direct),(none),true
3369132208689322709,,google,organic,
057665938225418659,,(direct),(none),true
6294498685685853129,,(direct),(none),true
4534107900812583124,,(direct),(none),true
1723981563106392466,,(direct),(none),true
9220733487783253932,,(direct),(none),true
504527166889560577,/,(direct),(none),
4384990792205822883,/permissions/using-the-logo.html,google.com,referral,
1106555359375998536,,(direct),(none),true
0541415792766009896,,google,organic,
1739823917347946740,,google,organic,true
350616841177147864,,(direct),(none),true
2217418288172715379,,google,organic,true
2478708775280238505,/,(direct),(none),
7103321195030738247,,(direct),(none),true
5106315619134282281,/,(direct),(none),true
3608467442254520408,,(direct),(none),true
7138879142579197491,/,(direct),(none),true
5117883250816491401,,google,organic,
9377768468469703794,,google,organic,
2972472695838198418,,google,organic,true
9065508646546984599,,google,organic,
5240826968570680211,,(direct),(none),true
7056870819058799369,/,(direct),(none),true
481136536823294889,,google,organic,
3936844640958989282,,google,organic,
3890853151729449223,,(direct),(none),true
7051718074744690705,,(direct),(none),true
7661113009266719556,,google,organic,
8844262168616364981,,google,organic,true
368977670377176571,/,(direct),(none),
7426174364050388533,,(direct),(none),true
5946672336805397304,,(direct),(none),true
2775333805699294537,,(direct),(none),true
1669777926634508233,,(direct),(none),true
8346614539128137085,,google,organic,true
2115386512530006397,/,(direct),(none),
7708575291679364151,/,(direct),(none),
3067333294832179853,/,(direct),(none),true
6030957980134486247,,google,organic,true
6170265019437280323,,google,organic,
2652098492843037268,/,(direct),(none),
7970801744441139347,,(direct),(none),true
1403632269796083949,,(direct),(none),true
5530732783475247643,,(direct),(none),true
6932408648900988870,/,(direct),(none),true
9358167394549270312,/,(direct),(none),
4424921723551438567,,google,organic,
1343892784443318387,,(direct),(none),true
172600853716850454,/a/google.com/participantrecruiting/incentives/internal-incentives,sites.google.com,referral,
7512789166007226631,,google,organic,
8207362494606500607,,(direct),(none),true
711432706839362141,/,(direct),(none),true
0750611892691038410,,google,organic,true
5540991611284577933,/,(direct),(none),
7002235067002565049,,(direct),(none),true
8438615943594533815,,google,organic,true
8303744919817460764,,google,organic,
8640435391065630517,,(direct),(none),true
4890594302415608916,,(direct),(none),true
5759903822809248402,,(direct),(none),true
8782513642833614098,,google,organic,
1924553142818813976,,(direct),(none),true
0161103620003490662,,google,cpc,true
3709999704956265072,,google,organic,
7816450317892721085,,google,organic,
9883000500364208923,/,(direct),(none),
211067802416163706,,(direct),(none),true
3047968373711472876,,google,cpc,true
3452302189809534579,,(direct),(none),true
3738755573768380864,,(direct),(none),true
5267883768915568721,,(direct),(none),true
1302490964849403553,,(direct),(none),true
2795402033797871386,,(direct),(none),true
0609326100006985856,,google,organic,
109478348209300995,,google,organic,
0887754557131989783,/,(direct),(none),
3347789288868084300,/,(direct),(none),
4941770276769705740,/,(direct),(none),true
9678469301590366177,,google,organic,
185886403613744695,,google,organic,
0667801358610608122,,(direct),(none),true
4184527786990826304,/,(direct),(none),
6091498163535424271,,google,cpc,true
6257871557133780030,,google,organic,
1076513025655678778,/,(direct),(none),true
31490038171426725,,(direct),(none),true
1662833536389293085,,(direct),(none),true
001747219368939605,,google,organic,
4758564487125779949,,(direct),(none),true
6519373117236859321,/,(direct),(none),
5129303495459541871,/,(direct),(none),
6203401114057579951,/Google/shop.axd/ValidateLogin,gatewaycdi.com,referral,true
0451515753972272081,,(direct),(none),true
3606096616141145329,,(direct),(none),true
1504442874052757742,,(direct),(none),true
7781987324145448581,/,(direct),(none),
8144887345147571750,/,(direct),(none),true
5719213140589922004,/,(direct),(none),
4539850635972033953,,google,organic,
7803172593096160119,,google,organic,
4254077777097557601,,google,organic,
024133145794646739,,(direct),(none),true
4061386306679952654,,(direct),(none),true
9485654033951448587,,google,organic,
4943724707143454002,/,(direct),(none),true
5490488281230795745,,(direct),(none),true
2620481260679179875,,google,organic,true
5028358764893417263,,google,organic,
8207362494606500607,,google,organic,
432198110923477013,,google,organic,
8436426603099391262,/,(direct),(none),true
0928429216085865673,,(direct),(none),true
4119670571587062780,/,(direct),(none),
4631129802514106099,/,(direct),(none),true
5963471621704219473,,(direct),(none),true
0384873228921337077,/,(direct),(none),
0538499578496971765,,(direct),(none),true
5946672336805397304,,(direct),(none),true
6705441060490938466,,(direct),(none),true
5563168194966233133,/,(direct),(none),true
7614028868724779177,/,(direct),(none),true
6027268712782791947,/,(direct),(none),true
1757074615507989305,,(direct),(none),true
1426533350286376573,,(direct),(none),true
1434758333813758523,/,(direct),(none),
0142252774383219183,,(direct),(none),true
3541862731321042694,,(direct),(none),true
9156455213751523745,,(direct),(none),true
9050768044570669553,,google,organic,
7989405066712798604,/,(direct),(none),
757866699721746847,/,(direct),(none),
6002047819048640977,,(direct),(none),true
0179506031131180789,,(direct),(none),true
0701601838005591363,/,(direct),(none),true
4419590405185162444,,(direct),(none),true
0933710902214034131,,(direct),(none),true
1468560120795000800,,google,organic,true
4061386306679952654,,google,organic,
5563168194966233133,/,(direct),(none),
4685798131908550257,,(direct),(none),true
6674217049538832068,,google,organic,
4913278259301843820,,google,organic,true
0562740026866245032,/,(direct),(none),
14525157151262675,/,(direct),(none),true
9485064159036036847,,(direct),(none),true
77798030145473969,/,(direct),(none),true
5588534024978390342,,(direct),(none),true
7318547266531531994,,(direct),(none),true
895954260133011192,,google,organic,
0288478011259077136,,(direct),(none),true
4887857760389227960,,(direct),(none),true
1817256435818850257,,google,organic,true
4057405536547962178,,(direct),(none),true
0350370813631305535,,(direct),(none),true
6027268712782791947,/,(direct),(none),
9048067102444753039,,(direct),(none),true
7023410125494623482,/,(direct),(none),
2125540555068339394,/,(direct),(none),
4568535698206581294,,google,organic,
9707737733420214515,,(direct),(none),true
0696773336104767519,,(direct),(none),true
7555406992780661514,,google,organic,
9775616154918189488,,(direct),(none),true
1723909349418867455,,(direct),(none),true
148720899219079299,/,(direct),(none),
055245354538836465,,google,organic,
420022292280834469,,(direct),(none),true
4517759381023869053,/,(direct),(none),
6440789996634275026,,google,organic,true
8520115029387302083,/,(direct),(none),true
6792260745822342947,,google,organic,true
0824839726118485274,,google,organic,true
8341980690045636440,,google,organic,
4408669591114365400,,google,organic,
677752616453244098,,(direct),(none),true
9194763958135346715,/,(direct),(none),true
4780514666369871802,/,(direct),(none),
2867503238310507333,,(direct),(none),true
4864654649238141085,/,(direct),(none),
0307593432572738176,/,(direct),(none),
0346662730910803388,,(direct),(none),true
2832082460100825016,/,(direct),(none),true
2371112886977263623,/,(direct),(none),true
413376117696916627,,google,organic,
2506112552623796443,/,(direct),(none),true
1407445369428897300,,google,cpc,true
1013896044521927115,/,(direct),(none),true
1231590494443171080,/,(direct),(none),
6751290259214798595,,(direct),(none),true
3213840074316400693,/,(direct),(none),
2987126973357946088,/,(direct),(none),
9121381417149594223,,google,organic,
9100993668586456878,,google,organic,true
1196132281175677017,/,(direct),(none),true
2652098492843037268,,dfa,cpm,true
6849420071276447389,,(direct),(none),true
2740683783555632191,,google,organic,true
3006489767948351126,/,(direct),(none),true
6332431001963915083,/,(direct),(none),true
6997692197808690953,/,(direct),(none),true
9476580765147760573,/,(direct),(none),
6485652672428047343,,(direct),(none),true
4646087283742071705,,(direct),(none),true
4708772765086811667,,(direct),(none),true
9944837330300807508,/,(direct),(none),true
677752616453244098,,(direct),(none),true
5761840295662617853,,google,organic,true
0463567805880031157,,(direct),(none),true
2976178532750719771,,google,organic,true
6569605994631186947,/,(direct),(none),true
8494338866855383997,/,(direct),(none),true
7852962950819420316,,(direct),(none),true
0831511922986457407,,(direct),(none),true
5844125218048689474,,(direct),(none),true
9998597322098588317,,(direct),(none),true
5716645943728946584,,google,organic,
0872675904537373864,/,(direct),(none),
280571682929338005,,google,organic,
776631603054327164,/,(direct),(none),true
4438472402018450050,/,(direct),(none),
5653158844348284938,/,(direct),(none),true
1584447393095121900,,google,organic,
2083311728526721500,,google,organic,
9391398872833336270,,(direct),(none),true
968561294884812323,,google,organic,true
3126493267998651969,/,(direct),(none),true
3536417627277338754,,(direct),(none),true
2114379950016755706,,google,organic,
4166700707688517424,,(direct),(none),true
3047968373711472876,,google,cpc,true
9575408914367036152,,google,organic,true
7545791097611675575,/,(direct),(none),true
611686833011451645,/,(direct),(none),
6997692197808690953,/,(direct),(none),
7551500186331851432,,google,organic,
7589137567725941774,/,(direct),(none),
2509714289037323244,,(direct),(none),true
4283942788674999975,,(direct),(none),true
0482843755681270604,/,(direct),(none),true
4166700707688517424,,(direct),(none),true
6447038813466046632,/,(direct),(none),
6137206948447331806,/,(direct),(none),true
9256236123428718637,/,(direct),(none),
9169315450686147323,,google,organic,
7612827560465471201,,(direct),(none),true
0824839726118485274,,google,organic,true
1992186447841680750,,(direct),(none),true
8844262168616364981,,google,organic,true
5027272465564918559,,google,organic,
5141122398348392100,,(direct),(none),true
603373162136570069,,(direct),(none),true
2788555723243018631,,(direct),(none),true
3648006772930968422,,(direct),(none),true
8879965876172125518,/,(direct),(none),true
3047968373711472876,,google,cpc,true
899219447794713043,/,(direct),(none),
8160942479431419810,/2610273/projects/12161610/todos/250267685,basecamp.com,referral,true
0107076854070556530,/,(direct),(none),
3884550482186951789,,(direct),(none),true
5760753352577829144,,(direct),(none),true
7291346718031890073,/,(direct),(none),true
6452285658468801695,,(direct),(none),true
7962255080644646828,,(direct),(none),true
586253222921981017,,(direct),(none),true
5923605856827327918,/,(direct),(none),
5542047417982345824,/,(direct),(none),
861704224604980653,,(direct),(none),true
8430240768850820716,/,(direct),(none),true
1468560120795000800,,google,organic,true
80533986466271934,,dfa,cpm,true
4186654201396383023,/,(direct),(none),true
1727250443336990005,,google,organic,
052356344147474292,,(direct),(none),true
8844262168616364981,,google,organic,true
5029127815473896624,/r/golang/comments/2u2n8q/gopher_soft_toy/,reddit.com,referral,
3928852209626139730,/yt/about/,youtube.com,referral,
5662025863965519139,/yt/about/,youtube.com,referral,
1604207363880835144,/yt/about/,youtube.com,referral,
7528513440901181253,/yt/about/,youtube.com,referral,
080198934214778432,/yt/about/tr/,youtube.com,referral,true
1990124622011761658,/yt/about/,youtube.com,referral,true
7009119803769433580,/yt/about/,youtube.com,referral,
8167395364783512812,/yt/about/,youtube.com,referral,
0351632287593731316,/yt/about/,youtube.com,referral,
5971777881107526146,/yt/about/,youtube.com,referral,
7107176815464557384,/yt/about/,youtube.com,referral,
6624787979965433923,/yt/about/,youtube.com,referral,
0309261886834228457,/yt/about/,youtube.com,referral,
4697285016335702650,/yt/about/,youtube.com,referral,
3129428927447879016,/yt/about/,youtube.com,referral,
8579135825292142984,/yt/about/,youtube.com,referral,true
392266230239681935,/yt/about/,youtube.com,referral,
7695901877401090294,/yt/about/,youtube.com,referral,
6981996719933297425,/yt/about/,youtube.com,referral,
8510984876472239184,/yt/about/,youtube.com,referral,
1911889996386486443,/yt/about/,youtube.com,referral,
6685546903963120796,/yt/about/,youtube.com,referral,
1521456549459630946,/yt/about/,youtube.com,referral,
9046725463977206675,/yt/about/,youtube.com,referral,
144864139337555048,/yt/about/,youtube.com,referral,
4608869756418155052,/yt/about/,youtube.com,referral,
1020456285225652038,/yt/about/,youtube.com,referral,
0079427215743080908,/yt/about/,youtube.com,referral,
3471645573420610711,/yt/about/,youtube.com,referral,
7206985795926437646,/yt/about/,youtube.com,referral,
4505926956620964959,/yt/about/,youtube.com,referral,
4763700735431436916,/yt/about/,youtube.com,referral,
8765034809774421925,/yt/about/,youtube.com,referral,
9329173529042336568,/yt/about/,youtube.com,referral,
4618653279856513109,/yt/about/,youtube.com,referral,
6137637278685153971,/yt/about/,youtube.com,referral,
9667093370429187242,/yt/about/,youtube.com,referral,
97891891046599615,/yt/about/,youtube.com,referral,
6944032653697399591,/yt/about/es-419/,youtube.com,referral,true
0234145338242275684,/yt/about/,youtube.com,referral,
9114775022253027186,/yt/about/,youtube.com,referral,
6252728131985605340,/yt/about/,youtube.com,referral,
4997324725609587630,/yt/about/,youtube.com,referral,
6685316593393465538,/yt/about/,youtube.com,referral,
7049621865585024582,/yt/about/,youtube.com,referral,
2918177342033193477,/yt/about/,youtube.com,referral,
4483990316616746843,/yt/about/,youtube.com,referral,
0025977935439604602,/yt/about/,youtube.com,referral,
5474821906275306022,/yt/about/,youtube.com,referral,
2111820595965271371,/yt/about/,youtube.com,referral,
7026909036409439552,/yt/about/,youtube.com,referral,
0968127761227271876,/yt/about/,youtube.com,referral,
7130708741364178397,/yt/about/,youtube.com,referral,
8320453596618144081,/yt/about/,youtube.com,referral,
8799198809794781341,/yt/about/,youtube.com,referral,
5154193120534902927,/yt/about/,youtube.com,referral,
4255338625866455517,/yt/about/,youtube.com,referral,
6330455631533399053,/yt/about/,youtube.com,referral,
5990026038672153765,/yt/about/,youtube.com,referral,
67536053455160073,/yt/about/,youtube.com,referral,
1073138688368742388,/yt/about/,youtube.com,referral,
3790758626611627703,/yt/about/,youtube.com,referral,
2940606064926766207,/yt/about/,youtube.com,referral,
3479533665270985361,/yt/about/,youtube.com,referral,
0836088037097586822,/yt/about/,youtube.com,referral,
4214119414676479268,/yt/about/,youtube.com,referral,
858006202985700318,/yt/about/,youtube.com,referral,
0442105167270544631,/yt/about/,youtube.com,referral,
1969153410958587831,/yt/about/,youtube.com,referral,
9099722405227618521,/yt/about/,youtube.com,referral,
7487276299534284111,/yt/about/,youtube.com,referral,
9361209771301584749,/yt/about/,youtube.com,referral,
9464401950735163763,/yt/about/,youtube.com,referral,
922574491169744800,/yt/about/,youtube.com,referral,
638188587265201583,/yt/about/,youtube.com,referral,
6525073043945350608,/yt/about/,youtube.com,referral,
4985318490924606854,/yt/about/,youtube.com,referral,
590779558067584205,/yt/about/,youtube.com,referral,
8109792812849376310,/yt/about/,youtube.com,referral,
2927889798592152633,/yt/about/,youtube.com,referral,
8283810129441513889,/yt/about/,youtube.com,referral,
7838764341093098574,/yt/about/,youtube.com,referral,
8294721032567046680,/yt/about/,youtube.com,referral,
9474148307973386621,/yt/about/,youtube.com,referral,
1080407219030471072,/yt/about/,youtube.com,referral,
0398361149064215083,/yt/about/,youtube.com,referral,
7760710943954712561,/yt/about/,youtube.com,referral,
2037994828532225501,/yt/about/,youtube.com,referral,true
4481271265454535983,/yt/about/sl/,youtube.com,referral,true
1676000689866374854,/yt/about/,youtube.com,referral,
0976814349643249846,/yt/about/,youtube.com,referral,
9199626523824756303,/yt/about/,youtube.com,referral,
8159312408158297118,/yt/about/,youtube.com,referral,true
8474018216191081000,/yt/about/,youtube.com,referral,
0562186149374769502,/yt/about/,youtube.com,referral,
1435025955230028921,/yt/about/,youtube.com,referral,
5108196650822287097,/yt/about/,youtube.com,referral,
660728468089995881,/yt/about/,youtube.com,referral,
5785038159063304723,/yt/about/,youtube.com,referral,
7580620353994317249,/yt/about/,youtube.com,referral,
3666425205905501769,/yt/about/,youtube.com,referral,
9846623940035935960,/yt/about/,youtube.com,referral,
1725308276585330171,/yt/about/,youtube.com,referral,
003651776577235999,/yt/about/,youtube.com,referral,true
327033764977141463,/yt/about/,youtube.com,referral,
4046429612995809129,/yt/about/,youtube.com,referral,
9760542832537452668,/yt/about/,youtube.com,referral,true
5700194191672908760,/yt/about/,youtube.com,referral,
8322568724705327982,/yt/about/,youtube.com,referral,
0633063975475430744,/yt/about/,youtube.com,referral,
9436633101493051246,/yt/about/,youtube.com,referral,
8776681126168993881,/yt/about/,youtube.com,referral,
3262223648584960098,/yt/about/,youtube.com,referral,
6893085242089567829,/yt/about/,youtube.com,referral,
1243079914205311089,/yt/about/,youtube.com,referral,
5957423750259408181,/yt/about/,youtube.com,referral,
6100215535001015751,/yt/about/,youtube.com,referral,
8595873831425982023,/yt/about/,youtube.com,referral,
1455796843809624433,/yt/about/,youtube.com,referral,
2333311944959839885,/yt/about/,youtube.com,referral,
8359984296406149602,/yt/about/,youtube.com,referral,
6255503582981118208,/yt/about/,youtube.com,referral,
9287478037704157252,/yt/about/,youtube.com,referral,
2552900096430822095,/yt/about/,youtube.com,referral,true
6844963729183856381,/yt/about/,youtube.com,referral,
6968098798425025849,/yt/about/,youtube.com,referral,
7689418971224258553,/yt/about/,youtube.com,referral,
6046781218313753516,/yt/about/,youtube.com,referral,
8164125881176952640,/yt/about/,youtube.com,referral,
5022860852733926495,/yt/about/,youtube.com,referral,true
1695368345034757303,/yt/about/,youtube.com,referral,
625481915509878217,/yt/about/,youtube.com,referral,true
3883427350764999490,/yt/about/,youtube.com,referral,
0657069409429033180,/yt/about/,youtube.com,referral,
2857437502918013493,/yt/about/,youtube.com,referral,
6211193132567927423,/yt/about/,youtube.com,referral,
3508738339227649691,/yt/about/,youtube.com,referral,
1172811687454727418,/yt/about/,youtube.com,referral,
0839628667412633510,/yt/about/,youtube.com,referral,
9202201639498308332,/yt/about/,youtube.com,referral,
2558540002822570320,/yt/about/,youtube.com,referral,
2669245344272380459,/yt/about/,youtube.com,referral,
5813332623556894546,/yt/about/,youtube.com,referral,
5773287559977076020,/yt/about/,youtube.com,referral,
7768702082988858382,/yt/about/index.html,youtube.com,referral,
1093090588655197774,/yt/about/,youtube.com,referral,
0288239886234913234,/yt/about/,youtube.com,referral,
4451038378553805213,/yt/about/,youtube.com,referral,
8016283019267991827,/yt/about/,youtube.com,referral,
8797105134646815597,/yt/about/,youtube.com,referral,
0042083964115225554,/yt/about/,youtube.com,referral,
5065430801543460130,/yt/about/,youtube.com,referral,
3053719993562684315,/yt/about/,youtube.com,referral,
9006137764424802037,/yt/about/,youtube.com,referral,
3999264289129251252,/yt/about/,youtube.com,referral,
2489200758526354134,/yt/about/,youtube.com,referral,
0682935748502587819,/yt/about/,youtube.com,referral,
9164186243890725026,/yt/about/,youtube.com,referral,
3616491314110893756,/yt/about/,youtube.com,referral,
1339057547270151222,/yt/about/,youtube.com,referral,
3253651853272539416,/yt/about/,youtube.com,referral,
9050669933021276168,/yt/about/,youtube.com,referral,
2079240571198736666,/yt/about/,youtube.com,referral,
2294702657655606625,/yt/about/,youtube.com,referral,
3130905289738126983,/yt/about/,youtube.com,referral,
887616129624175433,/yt/about/,youtube.com,referral,
6018293379739226020,/yt/about/,youtube.com,referral,true
1094430802645200451,/yt/about/,youtube.com,referral,
0682505114244009252,/yt/about/,youtube.com,referral,
1587168278749165650,/yt/about/,youtube.com,referral,
93247117283883434,/yt/about/,youtube.com,referral,
555255688725948558,/yt/about/,youtube.com,referral,
3078951812687611494,/yt/about/,youtube.com,referral,
1822667241141828138,/yt/about/,youtube.com,referral,
7154277987080329679,/yt/about/,youtube.com,referral,
9486227257266224600,/yt/about/,youtube.com,referral,
4532296965158457303,/yt/about/,youtube.com,referral,
457214241626610394,/yt/about/,youtube.com,referral,
9475218557205932703,/yt/about/,youtube.com,referral,
7504889983163117126,/yt/about/,youtube.com,referral,
3091639795759573425,/yt/about/,youtube.com,referral,
9837978791217899377,/yt/about/,youtube.com,referral,
6647309909049213206,/yt/about/,youtube.com,referral,
8195001505868396741,/yt/about/,youtube.com,referral,
0437133959846345774,/yt/about/,youtube.com,referral,
4929550865690366154,/yt/about/,youtube.com,referral,
1350324852240259946,/yt/about/,youtube.com,referral,true
7322635117605532717,/yt/about/,youtube.com,referral,true
4986010567032832644,/yt/about/,youtube.com,referral,
7477561702457594445,/yt/about/,youtube.com,referral,
24412857959273882,/yt/about/,youtube.com,referral,
9555035232793636463,/yt/about/,youtube.com,referral,
1925176185252781780,/yt/about/,youtube.com,referral,
4308306428440772044,/yt/about/,youtube.com,referral,
3024718569748039664,/yt/about/,youtube.com,referral,
7184487151673046316,/yt/about/,youtube.com,referral,
6654049146734718373,/yt/about/,youtube.com,referral,
3051275176717293727,/yt/about/,youtube.com,referral,
4929790064757999815,/yt/about/,youtube.com,referral,
1495677183247170721,/yt/about/,youtube.com,referral,
8296788127614611712,/yt/about/,youtube.com,referral,
3715978902848327513,/yt/about/,youtube.com,referral,
1932210341172383153,/yt/about/,youtube.com,referral,
08799336118134333,/yt/about/,youtube.com,referral,
0450412367579811585,/yt/about/,youtube.com,referral,
5517621353235247073,/yt/about/,youtube.com,referral,true
5893678746287429244,/yt/about/,youtube.com,referral,
8157902770827064364,/yt/about/,youtube.com,referral,
1709529109999406361,/yt/about/,youtube.com,referral,
5517621353235247073,/yt/about/,youtube.com,referral,
8551077271351797351,/yt/about/,youtube.com,referral,
7791775244006378690,/yt/about/,youtube.com,referral,
0256969138030150513,/yt/about/,youtube.com,referral,
8935864145581700646,/yt/about/,youtube.com,referral,true
597822212189713615,/yt/about/,youtube.com,referral,
8738857132257941246,/yt/about/,youtube.com,referral,
6230901238269019820,/yt/about/,youtube.com,referral,
3082948927913895278,/yt/about/,youtube.com,referral,
7746278488715410365,/yt/about/,youtube.com,referral,
5475484100500416739,/yt/about/,youtube.com,referral,
3648755406707989361,/yt/about/,youtube.com,referral,
0541183904005115502,/yt/about/,youtube.com,referral,
9943663531673570065,/yt/about/,youtube.com,referral,
3849270960605514919,/yt/about/,youtube.com,referral,
54770852795047271,/yt/about/,youtube.com,referral,
7951900688405132460,/yt/about/,youtube.com,referral,
9102741060017752319,/yt/about/,youtube.com,referral,true
9376975117153658474,/yt/about/,youtube.com,referral,
4760235141189252609,/yt/about/,youtube.com,referral,
7656587559912403821,/yt/about/,youtube.com,referral,
9021696951412517458,/yt/about/,youtube.com,referral,
8042741146307090456,/yt/about/,youtube.com,referral,
8464773078373632970,/yt/about/,youtube.com,referral,
3419669627861736862,/yt/about/,youtube.com,referral,
0928745519437011970,/yt/about/,youtube.com,referral,
513886866110565645,/yt/about/,youtube.com,referral,
8774393352842610448,/yt/about/,youtube.com,referral,
4563497354061145469,/yt/about/,youtube.com,referral,
2219083861067234848,/yt/about/,youtube.com,referral,
595119749679693320,/yt/about/,youtube.com,referral,true
5991228058547501344,/yt/about/,youtube.com,referral,
6410673241613222128,/yt/about/,youtube.com,referral,
6613768346308896515,/yt/about/,youtube.com,referral,
6771919507730111732,/yt/about/,youtube.com,referral,
4048366522770228816,/yt/about/,youtube.com,referral,
1502413680674337747,/yt/about/,youtube.com,referral,
8126641317511045537,/yt/about/,youtube.com,referral,
1619872195970328102,/yt/about/,youtube.com,referral,
9694501276331431503,/yt/about/,youtube.com,referral,
0014659935183303341,/yt/about/,youtube.com,referral,
2133194745753212880,/yt/about/,youtube.com,referral,
2816859265741542730,/yt/about/,youtube.com,referral,
4429356676245613649,/yt/about/,youtube.com,referral,true
0287510927831363599,/yt/about/,youtube.com,referral,true
0384906281804405327,/yt/about/,youtube.com,referral,
0692355001768213534,/yt/about/,youtube.com,referral,
2867973540673774992,/yt/about/,youtube.com,referral,
1973141857570929749,/yt/about/,youtube.com,referral,
2645609099951382287,/yt/about/,youtube.com,referral,
1314497717166228426,/yt/about/,youtube.com,referral,
0080760683323142499,/yt/about/,youtube.com,referral,
6000761869466133065,/yt/about/,youtube.com,referral,
7470951958509199514,/yt/about/,youtube.com,referral,
7184487151673046316,/yt/about/,youtube.com,referral,true
3059431403856583524,/yt/about/,youtube.com,referral,
2495723586080643308,/yt/about/,youtube.com,referral,
5378542857601113620,/yt/about/,youtube.com,referral,
0566407148965152958,/yt/about/,youtube.com,referral,
4884455476818280849,/yt/about/,youtube.com,referral,
1851976036680654743,/yt/about/,youtube.com,referral,
6708319017967328300,/yt/about/,youtube.com,referral,
5736350478420662495,/yt/about/,youtube.com,referral,
0111906821496162306,/yt/about/,youtube.com,referral,
8012683933611035744,/yt/about/,youtube.com,referral,
0179101093805446612,/yt/about/,youtube.com,referral,
2759203598427661079,/yt/about/,youtube.com,referral,
2255577648563142460,/yt/about/,youtube.com,referral,
010194374190315829,/yt/about/,youtube.com,referral,
5729477924073780852,/yt/about/,youtube.com,referral,
5334700241944481702,/yt/about/,youtube.com,referral,
858930805180682097,/yt/about/,youtube.com,referral,
0782782526666082987,/yt/about/,youtube.com,referral,true
3835585973945783512,/yt/about/,youtube.com,referral,
1158938362149036198,/yt/about/,youtube.com,referral,
3022340584412499283,/yt/about/,youtube.com,referral,
3086058526760540706,/yt/about/,youtube.com,referral,
9297654036665552990,/yt/about/,youtube.com,referral,true
9835570265455272338,/yt/about/,youtube.com,referral,
0123202277034902712,/yt/about/,youtube.com,referral,
2090456244473009269,/yt/about/,youtube.com,referral,
1815355298576516673,/yt/about/,youtube.com,referral,
7784757853442651756,/yt/about/,youtube.com,referral,
995111825143782124,/yt/about/,youtube.com,referral,
1232672009879117944,/yt/about/,youtube.com,referral,
5652022620268624563,/yt/about/,youtube.com,referral,
8069825646783628399,/yt/about/,youtube.com,referral,
8783794487946811714,/yt/about/,youtube.com,referral,
1824100406848224588,/yt/about/,youtube.com,referral,
0627106172682736405,/yt/about/,youtube.com,referral,
8197462018776949649,/yt/about/,youtube.com,referral,
5372722797469816494,/yt/about/,youtube.com,referral,
090388644681259327,/yt/about/,youtube.com,referral,
8950752670468470880,/yt/about/,youtube.com,referral,
6256902362089067902,/yt/about/,youtube.com,referral,
534090547211274014,/lsr.php,l.facebook.com,referral,
197268420725905111,,google,organic,
5888378395111290244,,(direct),(none),true
311728372018703952,,(direct),(none),true
542056571636185785,,(direct),(none),true
7233056391383603654,,google,organic,true
3488053850670143533,,google,organic,
3097568124986562087,,(direct),(none),true
1685602050096206247,,(direct),(none),true
1623220960837677586,,(direct),(none),true
1333690623776707769,,(direct),(none),true
6107229716178617930,/,(direct),(none),
3867671661659082968,,(direct),(none),true
6004618674730269918,,(direct),(none),true
7195966922741455630,,(direct),(none),true
2734810493655863326,,google,organic,true
6366316989927168370,/,(direct),(none),true
906139263149526246,,(direct),(none),true
1221683911086263327,,(direct),(none),true
2638567429374804927,,(direct),(none),true
7783419426759984284,,(direct),(none),true
391832147797559559,,(direct),(none),true
8499733145178444169,,(direct),(none),true
2664056318278431156,,(direct),(none),true
0539413992997139766,,(direct),(none),true
9944115594178770946,,(direct),(none),true
9332940312639228882,,google,organic,
4842874549492287552,,(direct),(none),true
8231985909853434992,,(direct),(none),true
4652287826732444235,,(direct),(none),true
1586868266476732175,,(direct),(none),true
6449391852916941365,,(direct),(none),true
796776238303447639,,google,organic,
476419139818968912,,(direct),(none),true
2040429609628789402,,(direct),(none),true
4519579316106061221,,(direct),(none),true
1416501495461232400,,(direct),(none),true
0948227249440399192,,(direct),(none),true
0233470704323760007,,(direct),(none),true
3259411844793303374,,(direct),(none),true
3652538119409785696,,(direct),(none),true
7180771470273032233,,(direct),(none),true
4597308409158508498,,(direct),(none),true
1768021879618184521,,(direct),(none),true
4125846441958941515,,(direct),(none),true
8347572489346024612,,(direct),(none),true
9333275846835376480,,google,organic,
9405012143119882566,,(direct),(none),true
4652287826732444235,,(direct),(none),true
9234156111722725905,,(direct),(none),true
0578484710847149395,,(direct),(none),true
8942907331325175738,,Partners,affiliate,
7272603699024978497,,google,organic,true
188467669290923231,/,(direct),(none),
5186861455885306495,,(direct),(none),true
7204296105950946324,,(direct),(none),true
5765613965607610163,,(direct),(none),true
0975199857190033636,,dfa,cpm,
4052177266351383392,,(direct),(none),true
1992186447841680750,,(direct),(none),true
3483578416163230629,,google,organic,
3121470346610517012,,(direct),(none),true
4652287826732444235,,(direct),(none),true
7273185834724919018,,(direct),(none),true
6668699823160749167,,(direct),(none),true
2971589585119137431,,google,organic,
4783706315047752370,,(direct),(none),true
3162605645011029759,/permissions/using-the-logo.html,google.com.ng,referral,
5833561444608362232,,(direct),(none),true
079785550312480399,,(direct),(none),true
8884488727640389565,,(direct),(none),true
0512157711741253330,,google,cpc,
2361382689624783664,,google,organic,
426334503418339249,,(direct),(none),true
6336947347957369770,,(direct),(none),true
364531667078624724,,(direct),(none),true
8807827905511003249,,(direct),(none),true
7180275614450996653,,(direct),(none),true
8113673224304423345,,google,organic,
9906757708231207408,,(direct),(none),true
5020449789759541117,,(direct),(none),true
5220081523633286580,,(direct),(none),true
1244181925096404728,,google,organic,
4948931523491427211,,google,organic,
4943724707143454002,/,(direct),(none),
5408757094730735604,,(direct),(none),true
1338868737448099505,,(direct),(none),true
5216871142837129848,,(direct),(none),true
6068822397105790135,,(direct),(none),true
0512157711741253330,,google,cpc,
7209704949625703251,,google,cpc,true
6758157348271262903,,google,organic,
5462604146899553341,,(direct),(none),true
5468111842100914639,/mail/u/0/,mail.google.com,referral,
7365587847961481243,,google,organic,
1989078065641173736,,(direct),(none),true
7702887595038220497,,(direct),(none),true
8523047204257412218,,(direct),(none),true
7403418739058603889,,(direct),(none),true
4142792746224821185,,(direct),(none),true
4450011993608795253,,google,organic,
9767128755424990396,/,(direct),(none),
3424885272218138036,,(direct),(none),true
2023230048919746133,,(direct),(none),true
2450602019453041409,,(direct),(none),true
893148638848434176,,(direct),(none),true
2418639785325617071,,(direct),(none),true
1081139066205636478,,(direct),(none),true
5692101275868168807,,google,organic,
8518736572243003083,/mail/u/0/,mail.google.com,referral,
7595452521537632742,,(direct),(none),true
1498131993201949523,,google,organic,true
3083392203472914734,,google,organic,
2282779651086596448,,google,organic,
1685602050096206247,,(direct),(none),true
8315566408611847400,,(direct),(none),true
4005479203420016741,,(direct),(none),true
726716959010194520,,(direct),(none),true
7010293814475229513,,(direct),(none),true
5414445215073031471,,(direct),(none),true
155382455717322440,,(direct),(none),true
5285909961694511050,,google,organic,
3204977659528391251,,(direct),(none),true
1610784985399282869,,(direct),(none),true
0068219692889395306,,(direct),(none),true
4652287826732444235,,(direct),(none),true
5628482334003706355,,(direct),(none),true
4401382581757781,,(direct),(none),true
2676803576343975794,,google,organic,
1919221904694879983,,(direct),(none),true
4384864789216760736,,(direct),(none),true
2636107084457150438,,(direct),(none),true
3126038196679003379,,(direct),(none),true
302697950540819161,,(direct),(none),true
7977960939819997652,,Partners,affiliate,
9409735706170093089,,(direct),(none),true
3749537503973982470,,google,cpc,
7492544341773247322,,(direct),(none),true
649784964461836294,,(direct),(none),true
9776692192051678187,,(direct),(none),true
2973902145014289149,,(direct),(none),true
4757151207311859905,,(direct),(none),true
8139772740148979756,/permissions/using-the-logo.html,google.com,referral,
1725449566279895303,,(direct),(none),true
2308841794297013914,,(direct),(none),true
9503909815703534417,/YKEI_mrn/items/c10b14f9a69ff71b1b7a,qiita.com,referral,
1308253240518311498,,(direct),(none),true
9784245170686568780,,(direct),(none),true
5761600662292757982,,(direct),(none),true
2798490856916259678,/,(direct),(none),
2863393495106393918,,google,organic,
7633141072508257313,,(direct),(none),true
1727250443336990005,,(direct),(none),true
0036734869235166970,,(direct),(none),true
9923115678580928474,,google,organic,
0634817412526733144,,(direct),(none),true
4475992693303749595,,(direct),(none),true
8443152750706781913,,(direct),(none),true
384088448748841648,/,(direct),(none),
8430240768850820716,/,(direct),(none),true
5375690402753857650,,(direct),(none),true
6952119042958975545,,google,organic,
0238278900894838748,,(direct),(none),true
8585173466315759215,/ddm/dbm/,google.com,referral,true
2497404271902135456,,(direct),(none),true
5946672336805397304,,(direct),(none),true
4652287826732444235,,(direct),(none),true
1492602573213666603,,(direct),(none),true
6709605006830148657,,(direct),(none),true
861704224604980653,/2015/03/11/google-merch-store-new-url/,phandroid.com,referral,
9386916489511923911,,(direct),(none),true
3523326200557497005,,(direct),(none),true
9053860080697914688,,(direct),(none),true
9880469203491713273,/,(direct),(none),true
4652287826732444235,,(direct),(none),true
0965798441866044574,,google,organic,
6938457584786898565,,(direct),(none),true
9156455213751523745,,(direct),(none),true
7897082449499228899,,(direct),(none),true
9631957696577184381,,google,organic,
0225180756322086961,,(direct),(none),true
6183112800600231303,,(direct),(none),true
2488464858794430073,,(direct),(none),true
6232830708442381025,,(direct),(none),true
8864185487518136103,,(direct),(none),true
1007671272242791999,,google,organic,
2935188294263182152,,(direct),(none),true
350163692909705652,/,(direct),(none),true
2797836219124187807,,(direct),(none),true
1194014264023391501,,(direct),(none),true
4539726134771771711,,google,organic,
8460830690164908023,,(direct),(none),true
143953260196124648,,(direct),(none),true
292215863796392689,,(direct),(none),true
1657243834688898976,,(direct),(none),true
893751538499573956,,(direct),(none),true
8652973185415391602,,google,organic,
5120984078580018049,,(direct),(none),true
1938701249830982521,,(direct),(none),true
7968659321982517566,,(direct),(none),true
9919775020461223195,,google,organic,true
5641813888175115996,,(direct),(none),true
9998494082757181208,,(direct),(none),true
3232063550698301055,,google,organic,
2040429609628789402,,(direct),(none),true
8090884101253732531,,(direct),(none),true
769388239918029956,/,(direct),(none),true
3779933771588936390,/,(direct),(none),true
4246577391598151598,,google,cpc,true
3311149337757194338,,(direct),(none),true
1092278015021050527,,(direct),(none),true
2213191339240555860,/,(direct),(none),true
1447660470458840050,,(direct),(none),true
7772079039007468977,,Partners,affiliate,
7394165545362887055,,(direct),(none),true
4408040426075161227,,(direct),(none),true
1110352826809718840,,(direct),(none),true
4625303162432050331,,(direct),(none),true
9066503657481474837,,(direct),(none),true
4187677473228128704,,google,organic,
2347241930366920544,,(direct),(none),true
9573262732534488684,,(direct),(none),true
5570055668173869692,,(direct),(none),true
1709298781580419163,,(direct),(none),true
143953260196124648,,(direct),(none),true
151583202631753728,,(direct),(none),true
1315737692752879214,,(direct),(none),true
4991561811018569723,,(direct),(none),true
8842322787175138234,,(direct),(none),true
2873642522152808731,,(direct),(none),true
5403925969319345361,,(direct),(none),true
4578640586284138624,,(direct),(none),true
5202567874210594297,/,(direct),(none),true
6554972514486895793,,(direct),(none),true
3248367829168596609,/,(direct),(none),
9432675398065035916,,(direct),(none),true
5651861763705720283,,google,organic,
2169084821001691064,,(direct),(none),true
711432706839362141,/,(direct),(none),
6680094089236180217,,(direct),(none),true
7965130316907003624,/a/google.com/google-merchandise-store/home/on-site-store,sites.google.com,referral,true
5699405593618370086,,(direct),(none),true
6850060881061117685,/,(direct),(none),true
7221578135604575591,,(direct),(none),true
5055318098307741379,,(direct),(none),true
1685602050096206247,,(direct),(none),true
0284225352837835895,,google,organic,
4703900907627844850,,google,organic,
8265862694719602421,/permissions/using-the-logo.html,google.co.jp,referral,
3061442843679452103,,(direct),(none),true
6953748995972109762,,(direct),(none),true
5472469664923481625,,(direct),(none),true
3030113936939242666,,(direct),(none),true
4908197409515839782,,(direct),(none),true
5883538692283076770,,(direct),(none),true
3746959242497212747,,(direct),(none),true
2013012615043078799,,(direct),(none),true
9837097202588520944,,google,organic,
3965109796773872685,,(direct),(none),true
2213191339240555860,/,(direct),(none),true
4850600942134994335,,google,organic,
3693373653741415346,,(direct),(none),true
002855959112934473,,(direct),(none),true
3097977841301344292,,(direct),(none),true
2159622139970106281,,(direct),(none),true
831529806811845971,,google,organic,true
6052333928516105307,,(direct),(none),true
5383719560294566090,,(direct),(none),true
8297839629703521359,/permissions/using-the-logo.html,google.com,referral,
6367267394223441622,,(direct),(none),true
073493434876149875,,(direct),(none),true
0241637905936274121,,google,organic,
7949071502503761007,,(direct),(none),true
16454217945357461,/YKEI_mrn/items/c10b14f9a69ff71b1b7a,qiita.com,referral,true
3563131925654510207,,(direct),(none),true
3005621515077986929,,google,organic,true
7570839752888809028,,(direct),(none),true
3705338764625512665,/pagead/ads,(direct),(none),
7373456526061393285,,(direct),(none),true
7948761008238376653,,(direct),(none),true
9459384188253198762,,(direct),(none),true
4309210728912777629,/s/custom_squish,squishable.com,referral,
1020318604011294023,,google,organic,
1091402562926705962,,Partners,affiliate,
163871097857735731,,(direct),(none),true
1925600224127308411,,(direct),(none),true
2883953341277777482,,(direct),(none),true
842695415836236209,,(direct),(none),true
6336201826525833700,,(direct),(none),true
2297000571387202062,,(direct),(none),true
2883953341277777482,,(direct),(none),true
7294782993191958078,,google,organic,
5874622223792422534,,dfa,cpm,
3896017612841392267,,(direct),(none),true
2898891108701526100,/,(direct),(none),true
418865663414800452,/,(direct),(none),
4278704657257301492,,google,organic,
2530837614427752394,,google,cpc,
7336111418356994091,,(direct),(none),true
558694916414120794,,(direct),(none),true
4942265173689980027,,google,organic,
2345152707971951989,,(direct),(none),true
4615221069044086746,,(direct),(none),true
0888352802978309784,,(direct),(none),true
831529806811845971,,google,organic,true
5751009969575920290,,(direct),(none),true
6790196912687943685,,(direct),(none),true
6918155864256739565,,google,organic,
5076747981380011349,,(direct),(none),true
1996019318296556470,,(direct),(none),true
6091712405716575101,,(direct),(none),true
2990657282648176560,/yt/about/,youtube.com,referral,
9851107651996158393,/yt/about/,youtube.com,referral,
6972990228114870168,/yt/about/,youtube.com,referral,
7198101287270806110,/yt/about/,youtube.com,referral,
4109437900902312096,/yt/about/,youtube.com,referral,
0483345007930710185,/yt/about/,youtube.com,referral,
4827471780080211387,/yt/about/,youtube.com,referral,
3829608467688460896,/yt/about/,youtube.com,referral,true
1864283431927160986,/yt/about/,youtube.com,referral,
555255688725948558,/yt/about/,youtube.com,referral,true
5916967136802979782,/yt/about/,youtube.com,referral,
3018790778434377447,/yt/about/,youtube.com,referral,
5124363637038569400,/yt/about/,youtube.com,referral,
3518866559420072651,/yt/about/,youtube.com,referral,
8105685042100471238,/yt/about/,youtube.com,referral,
5507371724173191924,/yt/about/,youtube.com,referral,
773380786527880541,/yt/about/,youtube.com,referral,
2124123299417531922,/yt/about/,youtube.com,referral,
1176904343856971981,/yt/about/,youtube.com,referral,
0030653393617659458,/yt/about/,youtube.com,referral,
3764926612197340903,/yt/about/,youtube.com,referral,
7052983012537569190,/yt/about/,youtube.com,referral,
8679175805931046943,/yt/about/,youtube.com,referral,
1308892609838770664,/yt/about/,youtube.com,referral,
7926327538769640111,/yt/about/,youtube.com,referral,
3649768904137963114,/yt/about/,youtube.com,referral,
5294920588848318216,/yt/about/,youtube.com,referral,
3873612752714524710,/yt/about/,youtube.com,referral,
4962655910256254391,/yt/about/,youtube.com,referral,
2869207996367737555,/yt/about/,youtube.com,referral,
5479291990205277,/yt/about/,youtube.com,referral,
425363421029532836,/yt/about/,youtube.com,referral,
0793894714334414573,/yt/about/,youtube.com,referral,
1161341769746810719,/yt/about/,youtube.com,referral,
6787977083055740493,/yt/about/,youtube.com,referral,
596434846461499945,/yt/about/,youtube.com,referral,
7042391147528588088,/yt/about/,youtube.com,referral,
7133602605072127950,/yt/about/,youtube.com,referral,
6596829540463051846,/yt/about/,youtube.com,referral,
7447285778026883579,/yt/about/,youtube.com,referral,
419096398455299755,/yt/about/,youtube.com,referral,
3075297424114413471,/yt/about/,youtube.com,referral,
8159312408158297118,/yt/about/,youtube.com,referral,true
4261104097533511742,/yt/about/,youtube.com,referral,
5817604312711965479,,(direct),(none),true
9637317595550049769,/,(direct),(none),
7451681150246556439,,(direct),(none),true
7530835025978047273,,(direct),(none),true
4892918202164561067,,(direct),(none),true
8613727815538479931,,(direct),(none),true
1314991181138104250,,google,organic,true
5542047417982345824,/,(direct),(none),true
5832702976406493104,,(direct),(none),true
2968198904310902260,,google,organic,
8155914168070068086,/permissions/using-the-logo.html,google.com,referral,
2499073159297778675,,google,organic,true
9633499195063618864,,google,organic,
8247388453936975366,,(direct),(none),true
8270598933384562992,,(direct),(none),true
0956308009791911590,,google,organic,true
4361310420645778849,,(direct),(none),true
4002784612033726366,,(direct),(none),true
5321880453602324370,,(direct),(none),true
1314991181138104250,,(direct),(none),true
9193725702802112646,,(direct),(none),true
5163629098760825850,,google,organic,
3016447689917861550,,(direct),(none),true
2352141078371657771,,(direct),(none),true
3973062960912319313,,google,organic,
0512157711741253330,,google,cpc,
0653204422850739130,/optimize/home/,optimize.google.com,referral,true
4578640586284138624,,(direct),(none),true
9419417742240668408,,(direct),(none),true
8518736572243003083,,(direct),(none),true
993960800413367373,,(direct),(none),true
3511510906428386631,,(direct),(none),true
0382398254804709368,,google,organic,
4652287826732444235,,(direct),(none),true
1314991181138104250,,google,organic,
796776238303447639,,(direct),(none),true
1865917130947753901,,google,organic,true
6336201826525833700,,(direct),(none),true
138892769269044372,,(direct),(none),true
7277518791167475151,/yt/about/,youtube.com,referral,
828395773985392863,,(direct),(none),true
2876152756735198740,,google,organic,
4689779080679225130,/prizes/,gophergala.com,referral,
7251030907573266334,,(direct),(none),true
7444154001043657810,,(direct),(none),true
7052423402367562717,,(direct),(none),true
2171803015253400381,/,(direct),(none),
5685693302497646755,,(direct),(none),true
8247388453936975366,,(direct),(none),true
997132598246769812,,(direct),(none),true
5705587814808849172,/,(direct),(none),true
5029127815473896624,/s/custom_squish,squishable.com,referral,
5029127815473896624,/Where-can-I-buy-a-stuffed-Go-language-gopher-mascot-online,quora.com,referral,
8471858690284145098,/yt/about/,youtube.com,referral,true
3595188488911460764,/yt/about/,youtube.com,referral,
8668489339541549732,/yt/about/,youtube.com,referral,
6960772894161809181,,google,organic,
7890522790605033993,/,(direct),(none),true
6459195852049791924,,(direct),(none),true
8468695172709026797,,google,organic,
569919312322220284,/,(direct),(none),
745534609687650923,,(direct),(none),true
6376223275078772334,/,(direct),(none),
1264182354008543726,,google,organic,
7890522790605033993,/,(direct),(none),true
9816358211063157772,,(direct),(none),true
7800303982720483965,/yt/about/,youtube.com,referral,
2138249057628555204,/yt/about/,youtube.com,referral,
0873351456661694382,/yt/about/,youtube.com,referral,
4724014961050797892,,google,organic,
1099720071861739539,,(direct),(none),true
8396702305614208899,,google,organic,
6841939359011858096,,google,organic,
3608695950774348121,,google,organic,
5631523229004229049,,google,cpc,
7377104901113732837,,google,organic,
685093856498901260,,Partners,affiliate,
2571352945100828274,,(direct),(none),true
6492137813042219373,/,(direct),(none),
2763373019862944348,,(direct),(none),true
2639618936246660179,,(direct),(none),true
45363752238647523,,(direct),(none),true
9470014125434090142,,(direct),(none),true
5560196043019883828,,(direct),(none),true
8825210033101874099,,(direct),(none),true
8707130821694195643,,google,organic,
2385129494834692962,,(direct),(none),true
1112507988105512057,,(direct),(none),true
5783524644793849340,,(direct),(none),true
9755167464612856206,,(direct),(none),true
8821893673728116223,,(direct),(none),true
7030817022153386326,/,(direct),(none),true
8561301111881514700,,(direct),(none),true
3912300160509220549,/,(direct),(none),true
0048779526424910845,/,(direct),(none),
8535591044733210611,,google,organic,
1233984196205205270,/,(direct),(none),
0890114017350413002,/,(direct),(none),
3373969394465125539,,google,organic,
1626716998556233354,/,(direct),(none),
5622119904627470425,/,(direct),(none),
2767352754546074856,/,(direct),(none),
1159303959044958896,,google,organic,true
2898891108701526100,/,(direct),(none),
7298538238612725446,,google,organic,
6792260745822342947,,google,organic,true
2311098311158255548,,(direct),(none),true
5646573463881087411,,(direct),(none),true
6421790496910689049,/permissions/using-the-logo.html,google.com.au,referral,
8809191887069011645,/,(direct),(none),
3543950983119207807,,(direct),(none),true
7374313930793992626,,google,organic,
9134477516832920376,,(direct),(none),true
5446299164547357031,,(direct),(none),true
4531795194219180142,,(direct),(none),true
5667050321723560954,,(direct),(none),true
8710571720716016076,/,(direct),(none),true
2615752151504666061,/,(direct),(none),
8449642504674588327,,google,organic,
0064274440515862565,,google,organic,
747199723663626460,,google,organic,
0429222405901537951,,(direct),(none),true
6634595899244493358,,(direct),(none),true
6378885939141116855,,google,organic,
4433017212064092643,,Partners,affiliate,
5999345907278885362,/yt/about/,youtube.com,referral,
1065380313069897838,,(direct),(none),true
9035777218447200091,/,(direct),(none),
38176613026658222,/,(direct),(none),
0482426092828914711,,google,organic,true
5177274155761679569,,(direct),(none),true
1064142968276574826,,(direct),(none),true
4530047399880276145,/a/google.com/google-merchandise-store/on-site-store/mountain-view-store,sites.google.com,referral,
0063860542745733558,,(direct),(none),true
5692660940241926694,/,(direct),(none),true
1231590494443171080,,(direct),(none),true
0888352802978309784,,(direct),(none),true
2832065648026954185,/lsr.php,l.facebook.com,referral,
9310825606289562783,/,facebook.com,referral,
6137206948447331806,/,facebook.com,referral,
394725225045196314,/l.php,l.facebook.com,referral,
3085396425650556598,,(direct),(none),true
2775333805699294537,,(direct),(none),true
37731001180252335,,google,organic,
9617033484006686914,/,(direct),(none),true
1613869085928837147,,(direct),(none),true
2372648582928449946,,(direct),(none),true
4309210728912777629,,google,organic,
1112507988105512057,,(direct),(none),true
9023992206371203986,,google,organic,
5783524644793849340,,(direct),(none),true
3065316533128123013,,dfa,cpm,
5551132834939072500,,google,organic,
336637157127346441,,google,organic,
3884550482186951789,,google,organic,
2952540151895889972,,dfa,cpm,
164790502418196843,,google,organic,true
7747069196916153269,,google,organic,
0913838758061745699,/lsr.php,l.facebook.com,referral,
7658202405445752414,,(direct),(none),true
5882258963347216049,,google,organic,true
5121453966155985426,/safeframe/1-0-4/html/container.html,(direct),(none),true
6932408648900988870,/,(direct),(none),true
1784134512217740615,,google,organic,
1492217702561732960,,(direct),(none),true
1276631666870427430,,google,organic,true
3668803711162394702,,(direct),(none),true
6515694903160268646,,(direct),(none),true
4022857277036921576,,google,organic,
7612201596061421982,,(direct),(none),true
9085218887779640980,,(direct),(none),true
6345117059388722625,,google,organic,
519362431810205197,,(direct),(none),true
2047874584272208283,,(direct),(none),true
0306141257002185315,,google,organic,true
519362431810205197,,(direct),(none),true
519362431810205197,,(direct),(none),true
4938551206840866311,,google,organic,
3547717276163025378,,(direct),(none),true
4049241184747238128,,google,organic,
1790111996914676794,,google,organic,
4428007861318670062,,google,organic,
4688685219584517293,,google,organic,
5793852641351150725,,google,organic,
1921805901720598269,,(direct),(none),true
9710270530499631126,,google,organic,
8086030903283426090,,google,organic,
1754009007608510350,,google,organic,
2681867759702029281,,google,organic,
0155570241519455322,,google,organic,
1053828258793597684,,google,organic,
1039630068425575442,,google,organic,
039671683621540641,,(direct),(none),true
5151716725909959249,,google,organic,
7624290805116034111,,google,organic,
0019983046037497243,,(direct),(none),true
7092069472105480996,,google,organic,
2622820320799122480,,google,organic,
1739823917347946740,,google,organic,true
4761242402881888193,,google,organic,
4773809469941024206,,google,organic,
1219325807742188295,/,(direct),(none),true
1024751686551205649,,google,organic,true
2550774479005599333,,google,organic,
91490237172189168,,google,organic,
0690923971950364732,,google,organic,
0877821095982571303,,(direct),(none),true
0239608205717854090,,(direct),(none),true
1921805901720598269,,(direct),(none),true
0203986763041661843,,google,organic,
4460407620777269094,,google,organic,
4675639381576467176,,(direct),(none),true
7774603505558745741,,google,organic,true
1749010407044905351,,(direct),(none),true
0944623283834094827,,(direct),(none),true
8003180095462219875,,google,cpc,true
7629784540272591367,,(direct),(none),true
2826190005354069899,,(direct),(none),true
0423043652415339154,,(direct),(none),true
2982415081129763534,,google,cpc,true
3918922672011504821,,(direct),(none),true
7105897662777519249,,google,organic,
6248742189359702187,/,(direct),(none),true
7416565604470087079,,google,organic,true
3608475193341679870,,google,cpc,true
6248742189359702187,/,(direct),(none),true
1749010407044905351,,(direct),(none),true
2430496949275205085,,(direct),(none),true
869096201147438807,,(direct),(none),true
